ASIN,Title,Brand,Amazon URL,Category,Weight Flag,Current Price,Buy Box 90d Avg,Price Drop % 90d,BSR Current,BSR 90d Avg,BSR Drops 90d,Bought per Month,FBA Seller Count,FBA Seller 90d Avg,Amazon on Listing,Fulfilment Fee,Amazon Fees,Total Amazon Fees,Est Cost 65%,Est Profit,Est ROI %,Max Cost 20% ROI,Breakeven Price,Buy Box Amazon %,BB Seller,BB Is FBA,Star Rating,Review Count,Image Count,Has A+ Content,Bullet Count,Listing Quality,Brand 1P,Gated,SAS Flags,Pre-filter Flags,Data Source,EAN,UPC,GTIN
B0F17K1YGJ,"Dreamon Kids Cleaning Set – 11 PCS Toddler Cleaning Toys with Real Working Vacuum, Broom, Mop, Duster – Pretend Play Housekeeping Set for Boys & Girls Ages 3+, Birthday Gift",Dreamon,https://www.amazon.co.uk/dp/B0F17K1YGJ,Toys & Games,,25.40,27.45,7.0%,10075,11893,102,100,2,0,N,3.35,4.68,8.03,16.51,0.86,5.2%,14.48,24.54,0%,Dreamon Toy (100%) / A256SP82TNA1WB,yes,4.0,378,7,Y,5,STRONG,Y,-,MAYBE-ROI,LOW SELLER CHECK,KEEPA,,,
B0CFDWW5QW,"Lavievert Tilting Puzzle Board with 2-in-1 Designed Stand & Cover, Lightweight Felt Storage Case with 6 Drawers for Adults, Portable Jigsaw Puzzle Table for Games Up to 1000 Pieces",LAVIEVERT,https://www.amazon.co.uk/dp/B0CFDWW5QW,Toys & Games,,50.99,60.84,16.0%,10112,7537,99,100,2,0,N,4.95,8.62,13.57,33.14,4.28,12.9%,31.18,46.71,0%,FansMart-EU (93%) / A1HT5MPSBTM3LA,yes,4.2,717,9,Y,5,STRONG,N,-,MAYBE-ROI,LOW SELLER CHECK,KEEPA,,,
B0FL4F6RTG,Dress To Impress — Lana Fashion Doll — Series 1 Wave 1,Dress To Impress,https://www.amazon.co.uk/dp/B0FL4F6RTG,Toys & Games,,22.99,22.70,-1.0%,10225,5815,143,200,10,0,Y,3.05,4.30,7.35,14.94,0.70,4.7%,13.03,22.29,99%,Amazon,yes,4.5,40,8,Y,5,STRONG,N,-,MAYBE-ROI; AMAZON DOMINANT,AMAZON CHECK,KEEPA,0810087219482,810087219482,00810087219482
B0DP94Q2V2,Sylvanian Families - Village Cake Shop Starter Set 5807,Sylvanian Families,https://www.amazon.co.uk/dp/B0DP94Q2V2,Toys & Games,,25.99,29.24,11.0%,10239,13327,83,100,19,0,Y,3.26,4.76,8.02,16.89,1.07,6.3%,14.97,24.92,93%,Amazon,yes,4.8,119,7,Y,5,STRONG,N,-,MAYBE-ROI; AMAZON DOMINANT,AMAZON CHECK,KEEPA,5054131058077,,05054131058077
B0F4M49S7L,Sylvanian Families - 5814 Snow Leopard Family - Dollhouse Playsets,Sylvanian Families,https://www.amazon.co.uk/dp/B0F4M49S7L,Toys & Games,,21.59,25.02,14.0%,10266,13735,90,100,13,0,Y,2.94,4.08,7.02,14.03,0.53,3.8%,12.14,21.06,93%,Amazon,yes,4.8,111,8,N,4,AVERAGE,N,-,MAYBE-ROI; AMAZON DOMINANT,AMAZON CHECK,KEEPA,5054131058145,,
B0FPXFQP8V,"LEGO | Disney Frozen Elsa's Ice Castle & Snow Ride Adventure Toy - incl. Anna & Elsa Mini Dolls, Olaf Figure, Train Track & Snow Carts - Gift for 4+ Year Old Girls - 43281",LEGO,https://www.amazon.co.uk/dp/B0FPXFQP8V,Toys & Games,,43.67,44.95,3.0%,10303,12939,60,100,19,0,Y,4.37,7.49,11.86,28.39,3.42,12.1%,26.51,40.25,99%,Amazon,yes,4.7,100,11,Y,5,STRONG,N,-,MAYBE-ROI; AMAZON DOMINANT,AMAZON CHECK,KEEPA,5702018066720,,05702018066720
B0DJRDJ6RH,"Corgi Diecast Model Cars - RT26701 Batmobile with Batman and Robin - Men & Women Souvenir Gifts from UK - Small Die Cast Toy Car Models for Boys, Gift for Motor Enthusiasts",Corgi,https://www.amazon.co.uk/dp/B0DJRDJ6RH,Toys & Games,,29.16,31.75,8.0%,10319,10162,125,100,12,0,Y,2.94,5.25,8.19,18.95,2.02,10.6%,17.48,27.14,90%,Amazon,yes,4.7,310,8,Y,5,STRONG,N,-,MAYBE-ROI; AMAZON DOMINANT,AMAZON CHECK,KEEPA,5063129028015,,
B00PPWG3OU,TAP-IT,Fotorama,https://www.amazon.co.uk/dp/B00PPWG3OU,Toys & Games,,24.24,22.28,-9.0%,10322,12288,135,100,11,0,Y,3.06,4.49,7.55,15.76,0.93,5.9%,13.91,23.31,70%,REACTIVE Stores (92%) / A1NZ48KZVHIFWN,no,4.4,647,4,Y,5,AVERAGE,N,-,MAYBE-ROI,AMAZON CHECK,KEEPA,0730002011093,730002011093,00730002011093
B0DK7P75BG,"Marvel Legends Series Gamerverse Punisher and Nick Fury Action Figure Collectibles, 6-inch",Marvel,https://www.amazon.co.uk/dp/B0DK7P75BG,Toys & Games,,52.62,53.22,1.0%,10379,26146,69,200,6,0,Y,2.94,8.87,11.81,34.20,6.61,19.3%,34.01,46.01,95%,Amazon,yes,4.8,270,12,N,4,AVERAGE,N,-,MAYBE-ROI; AMAZON DOMINANT,AMAZON CHECK,KEEPA,5010996328380,,
B0D1GFRXWK,"Jelly Blox 2-in-1 Storage Kit - Includes 30 Blocks - Toddler & Preschool Building Blocks Kids Can Squeeze, Stretch, Squish - Safety Tested & Ouch-Free - Tactile, Sensory Play Toy for Ages 2 Plus",Jelly Blox,https://www.amazon.co.uk/dp/B0D1GFRXWK,Toys & Games,,23.99,28.03,14.0%,10398,3686,158,200,7,0,Y,3.49,4.46,7.95,15.59,0.45,2.9%,13.37,23.54,44%,Amazon,yes,4.5,389,5,Y,5,AVERAGE,N,-,MAYBE-ROI,AMAZON CHECK,KEEPA,8720077316935,,08720077316935
B0CH1MT69N,"Marvel Legends Series Iron Man Mark LXXXV Avengers: Endgame 6 Inch Action Figure, Red",Marvel,https://www.amazon.co.uk/dp/B0CH1MT69N,Toys & Games,,22.99,25.16,9.0%,10504,19655,73,100,14,0,N,2.94,4.30,7.24,14.94,0.81,5.4%,13.12,22.18,38%,Topline Retail Solutions Ltd (86%) / A1E,no,4.7,743,11,N,4,AVERAGE,N,-,MAYBE-ROI,,KEEPA,5010996202161,,
B00CREPP66,"LEGO DUPLO Train Bridge and Tracks Expansion Set - Educational Learning Toy for Toddlers - incl. 8 Track Pieces, a Bridge, Barrier & an Action Brick - Gift for 2+ Year Old Boys & Girls - 10426",LEGO,https://www.amazon.co.uk/dp/B00CREPP66,Toys & Games,,25.25,31.08,19.0%,10627,14691,70,100,18,0,Y,4.15,4.65,8.80,16.41,0.04,0.2%,13.71,25.21,92%,Amazon,yes,4.7,448,12,Y,5,STRONG,N,-,MAYBE-ROI; AMAZON DOMINANT,AMAZON CHECK,KEEPA,5702017583815,,05702017583815
B0D9ZZBBGR,"Marvel Legends Series Spider-Man, Spider-Man 3 Action Figure, Spiderman 3",Marvel,https://www.amazon.co.uk/dp/B0D9ZZBBGR,Toys & Games,,27.99,28.01,0.0%,10647,21856,62,100,7,0,N,2.94,5.07,8.01,18.19,1.78,9.8%,16.65,26.21,94%,Ricky's Toys and Extras (98%) / A1R4YXMR,yes,4.7,729,10,N,4,AVERAGE,N,-,MAYBE-ROI; AMAZON DOMINANT,,KEEPA,5010996296306,,
B0CFVY263W,"LEGO DUPLO Caring for Animals at the Farm - Montessori Learning Toy for Toddlers - incl. a Farmhouse with Horse, Cow & Chicken Animal Figures - Gift for 2+ Year Old Girls & Boys - 10416",LEGO,https://www.amazon.co.uk/dp/B0CFVY263W,Toys & Games,,46.85,48.43,3.0%,10762,13336,103,100,18,0,Y,4.15,7.99,12.14,30.45,4.26,14.0%,28.93,42.59,99%,Amazon,yes,4.8,1018,11,Y,5,STRONG,N,-,MAYBE-ROI; AMAZON DOMINANT,AMAZON CHECK,KEEPA,5702017583266,,05702017583266
B0CQM48G6R,"Sylvanian Families - 5743 Sunny Castle Nursery - Dollhouse Playsets, 1:24",Sylvanian Families,https://www.amazon.co.uk/dp/B0CQM48G6R,Toys & Games,,27.99,27.52,-2.0%,10780,12051,87,100,18,0,Y,3.54,5.07,8.61,18.19,1.18,6.5%,16.15,26.81,99%,Amazon,yes,4.7,386,5,Y,5,AVERAGE,N,-,MAYBE-ROI; AMAZON DOMINANT,AMAZON CHECK,KEEPA,5054131057438,,05054131057438
B00HRRAFWM,"Sylvanian Families 4172 Walnut Squirrel Family, Multicolor",Sylvanian Families,https://www.amazon.co.uk/dp/B00HRRAFWM,Toys & Games,,24.99,26.07,4.0%,10808,9716,102,100,18,0,Y,2.94,4.61,7.55,16.24,1.20,7.4%,14.53,23.79,97%,Amazon,yes,4.8,5864,7,Y,5,STRONG,N,-,MAYBE-ROI; AMAZON DOMINANT,AMAZON CHECK,KEEPA,"5054131041727, 8711915031363","787718756251, 787793058936, 795036859592",05054131041727
B0F8C2J5XL,"AURORA, 61650, The Scarecrows' Wedding Harry O'Hay 11In, Soft Toy, Red & Blue",AURORA,https://www.amazon.co.uk/dp/B0F8C2J5XL,Toys & Games,,19.51,19.73,1.0%,8311,9213,105,100,11,0,Y,2.65,3.77,6.42,12.68,0.41,3.2%,10.91,19.10,40%,Bargains 4 Ever (83%) / A35HNEJQPN2OT3,no,4.7,19,7,N,4,AVERAGE,N,-,MAYBE-ROI,AMAZON CHECK; PRICE DRIFT,KEEPA,5034566616509,,
B07N8BWL4D,"Scalextric G1150M My First Scalextric Racing Track Sets for Kids Ages 3+ - Mains Powered Micro Race Set, Toy Car Kits for Boys. Incl. 1x Speed Track, 2x Racing Cars, 2x Controllers - Kids Toys Gifts",Scalextric,https://www.amazon.co.uk/dp/B07N8BWL4D,Toys & Games,,35.00,39.34,11.0%,10857,10320,151,100,3,0,Y,4.80,6.16,10.96,22.75,1.29,5.7%,20.04,33.71,89%,Amazon,yes,4.4,2310,7,Y,5,STRONG,N,-,MAYBE-ROI; AMAZON DOMINANT,AMAZON CHECK,KEEPA,5055286654213,,05055286654213
B09FT6WPRH,Unibos Giant Four in A Row Garden Outdoor Game Childrens Kids Adult Family Fun Toy Pub Game,Unibos,https://www.amazon.co.uk/dp/B09FT6WPRH,Toys & Games,,24.00,24.17,1.0%,10984,34505,58,100,2,0,N,0.00,4.46,4.46,15.60,3.94,25.3%,16.29,20.06,0%,Unibos (87%) / A382R9CUOXTFOP,no,3.7,97,7,N,4,AVERAGE,Y,-,,LOW SELLER CHECK,KEEPA,,,
B072J2TPYR,Character Uk Ben And Hollys Little Kingdom Thistle Castle Playset,Ben & Holly,https://www.amazon.co.uk/dp/B072J2TPYR,Toys & Games,,21.99,27.61,20.0%,11037,10101,186,200,8,0,Y,3.38,4.15,7.53,14.29,0.17,1.2%,12.05,21.82,99%,Amazon,yes,4.7,919,7,Y,5,STRONG,N,-,MAYBE-ROI; AMAZON DOMINANT,AMAZON CHECK,KEEPA,5029736064020,,05029736064020
B0CVGQ7BZD,"The Army Painter Warpaints Fanatic: Starter Set, 11 x 18 ml Acrylic Paints, incl. Metallics, Wash, Brush-On Primer, 1 Miniature 28 mm & 1 Brush - Miniature paint set for D&D & Warhammer Figures",The Army Painter,https://www.amazon.co.uk/dp/B0CVGQ7BZD,Toys & Games,,29.47,28.99,-2.0%,8715,6371,156,100,12,0,N,2.72,5.30,8.02,19.16,2.30,12.0%,17.88,27.17,0%,The Army Painter (96%) / A11OV3D7SUQB0C,yes,4.8,778,8,Y,5,STRONG,Y,-,MAYBE-ROI,,KEEPA,5713799806603,,05713799806603
B072R3MNMJ,"Bayer Charlene Super Model 27cm Doll Head for Hair Styling & Accessories - Styling Head with Brush, Comb, Clips & Curlers - Kids Hairdressing Play Set with Cosmetic Palette & Stickers (Ages 3+)",Bayer Design,https://www.amazon.co.uk/dp/B072R3MNMJ,Toys & Games,,31.99,33.45,4.0%,13325,25949,73,100,13,0,Y,3.54,5.69,9.23,20.79,1.97,9.5%,18.97,30.02,0%,BargainMax Online Ltd (80%) / A16ZATMMFE,no,4.4,5901,6,Y,5,STRONG,N,-,MAYBE-ROI,AMAZON CHECK,KEEPA,"0726312400092, 4003336900880",726312400092,04003336900880
B0DKQPKSMK,BABY born Mermaid - 43 cm large Doll - Premium hair with colourful strands - Glowing tail fin - Functions with batteries - Suitable for children from 3 years,BABY born,https://www.amazon.co.uk/dp/B0DKQPKSMK,Toys & Games,,27.99,25.14,-11.0%,11163,34526,67,100,3,0,Y,3.35,5.07,8.42,18.19,1.37,7.5%,16.31,26.62,96%,Amazon,yes,3.9,248,7,Y,5,STRONG,N,-,MAYBE-ROI; AMAZON DOMINANT,PRICE CHECK; AMAZON CHECK,KEEPA,4001167837368,,
B0DQY6WXQK,"Hot Wheels City Toy Car Track Set, Ultimate Dual Dragon Transporter & 2 Die-Cast Cars, Large-Scale Dragon & Detachable Dragon, Stores 20+ Vehicles, JKJ79",Hot Wheels,https://www.amazon.co.uk/dp/B0DQY6WXQK,Toys & Games,,34.99,34.06,-3.0%,11228,10466,175,100,13,0,Y,4.95,6.15,11.10,22.74,1.15,5.0%,19.91,33.84,30%,BargainMax Online Ltd (80%) / A16ZATMMFE,no,4.8,965,7,Y,5,STRONG,N,-,MAYBE-ROI,AMAZON CHECK,KEEPA,0194735351268,194735351268,
B08LNLC2KC,"BRIO World 33884 Battery Powered Steam Locomotive Toy Train Engine with Refillable Water Tank, Cool-Touch Realistic Steam & Headlights, Fits BRIO Wooden Railway Track, Ages 3+",BRIO,https://www.amazon.co.uk/dp/B08LNLC2KC,Toys & Games,,37.95,35.54,-7.0%,11286,7195,142,100,14,0,Y,2.94,6.60,9.54,24.67,3.74,15.2%,23.67,34.21,46%,GOSLING TOYS (84%) / A1YBPDDQWI3LL2,no,4.3,3864,8,Y,5,STRONG,N,-,MAYBE-ROI,AMAZON CHECK,KEEPA,7312350338843,,07312350338843
B01MYVG86M,"LEGO DUPLO 3in1 Wild Animal Families - Toddler Learning Toy for 2+ Year Old Girls & Boys - incl. Turtle, Tiger, Elephant, Deer & Panda Figures with Buildable Habitats - 10446",LEGO,https://www.amazon.co.uk/dp/B01MYVG86M,Toys & Games,,49.99,55.70,10.0%,11318,12935,124,100,14,0,Y,4.37,8.47,12.84,32.49,4.66,14.3%,30.96,45.33,98%,Amazon,yes,4.8,309,11,Y,5,STRONG,N,-,MAYBE-ROI; AMAZON DOMINANT,AMAZON CHECK,KEEPA,5702017815558,,05702017815558
B0G59MMF22,"Unibos | Kids Metal Wheelbarrow 5Pcs Green , Children’s Wheelbarrow Kids Gardening Set With Shovel, Rake, Fork & Kids Gloves (Green)",Unibos,https://www.amazon.co.uk/dp/B0G59MMF22,Toys & Games,,23.95,19.89,-20.0%,12047,24407,64,100,2,0,N,0.00,4.45,4.45,15.57,3.93,25.3%,16.25,20.02,0%,Unibos (87%) / A382R9CUOXTFOP,no,4.6,6,7,N,4,AVERAGE,Y,-,,PRICE CHECK; LOW SELLER CHECK,KEEPA,,,
B07QF1PR14,"Little Roots Kids Wheelbarrow, Gardening Toys, Metal Frame, Plastic Tray, and Rubber Handles for Educational Outdoor Play",Toyrific,https://www.amazon.co.uk/dp/B07QF1PR14,Toys & Games,,24.99,22.88,-9.0%,11427,24482,68,100,5,0,Y,5.10,4.61,9.71,16.24,-0.96,-5.9%,12.73,25.95,0%,WB Brands UK (78%) / A2FUPVM0JTO8HQ,no,4.2,305,7,Y,5,STRONG,N,-,MAYBE-ROI,AMAZON CHECK,KEEPA,5031470212124,,05031470212124
B0F1SJY5S3,One Piece Card Game The Best Vol.2 (PRB-02) Booster Box (Japanese) - 10 Packs,BANDAI,https://www.amazon.co.uk/dp/B0F1SJY5S3,Toys & Games,,54.98,55.97,2.0%,11435,11341,119,100,5,0,N,2.94,9.24,12.18,35.74,7.06,19.8%,35.67,47.92,0%,UJC Mart Japan (96%) / A25YLNFJN45BO4,yes,4.3,581,3,N,3,WEAK,N,-,MAYBE-ROI,,KEEPA,4582769865206,,
B0BLVGSVMM,"BABY born Trike 835456 - Tricycle for Dolls up to 43cm - Features Fully Functional Wheels, Detachable Handlebar, Horn, Pedal Straps and Seat Belt - Suitable for Children from 3 Years Old",BABY born,https://www.amazon.co.uk/dp/B0BLVGSVMM,Toys & Games,,22.99,21.35,-8.0%,11442,13196,85,100,4,0,Y,3.38,4.30,7.68,14.94,0.37,2.4%,12.76,22.62,100%,Amazon,yes,4.4,515,9,Y,5,STRONG,N,-,MAYBE-ROI; AMAZON DOMINANT,AMAZON CHECK,KEEPA,4001167835456,,04001167835456
B07ZS7J192,"Tonka Steel Classics | Mighty Dump Truck | Kids Construction Toys for Boys and Girls, Vehicle Toys for Creative Play, Motor Skill Development for Kids Ages 3+ | Basic Fun 06087 FFP",Tonka,https://www.amazon.co.uk/dp/B07ZS7J192,Toys & Games,,31.99,35.80,11.0%,11480,11967,105,100,4,0,Y,3.38,5.69,9.07,20.79,2.13,10.2%,19.10,29.86,91%,Amazon,yes,4.8,7671,9,Y,5,STRONG,N,-,MAYBE-ROI; AMAZON DOMINANT,AMAZON CHECK,KEEPA,0885561060874,885561060874,00885561060874
B0G52DTC9W,"Dress To Impress — Bubblegum Gal Fashion Doll — Series 1 Wave 1, Pink",Dress To Impress,https://www.amazon.co.uk/dp/B0G52DTC9W,Toys & Games,,22.99,29.26,21.0%,11550,15547,41,100,3,0,Y,2.94,4.30,7.24,14.94,0.81,5.4%,13.12,22.18,100%,Amazon,yes,3.8,4,10,Y,5,STRONG,N,-,MAYBE-ROI; AMAZON DOMINANT,AMAZON CHECK,KEEPA,0810087214241,810087214241,
B0CJMKK3SX,My Little Pony: Tell Your Tale Rainbow Styles Izzy Moonbow Unicorn Toys,Hasbro,https://www.amazon.co.uk/dp/B0CJMKK3SX,Toys & Games,,22.99,25.76,11.0%,11579,17138,72,100,7,0,Y,3.26,4.30,7.56,14.94,0.49,3.2%,12.86,22.50,50%,Topline Retail Solutions Ltd (86%) / A1E,yes,4.7,424,13,N,4,AVERAGE,N,-,MAYBE-ROI,AMAZON CHECK,KEEPA,5010996247094,,
B07691S7YL,"Power Play Pool Table Game, Portable Wooden Classic Games Table, Indoor Outdoor Game for Kids and Adults, Brown 20inch",Power Play,https://www.amazon.co.uk/dp/B07691S7YL,Toys & Games,,22.50,22.53,0.0%,11629,8421,101,100,2,0,Y,4.80,4.23,9.03,14.63,-1.15,-7.9%,11.23,23.65,90%,Amazon,yes,4.4,187,6,Y,5,STRONG,N,-,MAYBE-ROI; AMAZON DOMINANT,AMAZON CHECK; LOW SELLER CHECK,KEEPA,5031470209117,,05031470209117
B0DQGR47MY,"ToyUnited Magnetic Building Blocks - 150PCS Magnetic Blocks Cubes Forest Portal, Stacking Tiles STEM Montessori Sensory Toys for Kids Boys Girls Ages 3 4 5 6 7 8 9 10 Christmas Birthday Gifts",ToyUnited,https://www.amazon.co.uk/dp/B0DQGR47MY,Toys & Games,,22.72,26.97,16.0%,11682,7185,151,100,4,0,N,2.72,3.38,6.10,14.77,1.85,12.5%,13.85,20.87,0%,Hei Hei Catering Group Limited (100%) / ,yes,4.3,180,7,Y,5,STRONG,N,-,MAYBE-ROI,,KEEPA,0702291184550,702291184550,
B0DVH6DHR7,Corgi Diecast Model Cars - CC00902 Thunderbirds F.A.B. Collection Thunderbird 1 and 3 - Classic Aircraft Collectible for Men & Women - Die Cast Vehicle Models for Boys & Thunderbirds Enthusiasts,Corgi,https://www.amazon.co.uk/dp/B0DVH6DHR7,Toys & Games,,32.95,31.21,-6.0%,11802,5165,135,200,10,0,Y,3.04,5.83,8.87,21.42,2.66,12.4%,20.06,30.29,72%,Amazon,yes,4.6,71,5,Y,5,AVERAGE,N,-,MAYBE-ROI; AMAZON DOMINANT,AMAZON CHECK,KEEPA,5063129044954,,
B06Y4BC95L,"Kid K'NEX | Budding Builders Set 50 Model | Kids Craft Set with 100 Pieces, Educational ,Fun Building Toys for Boys and Girls, Construction Toys for Ages 3+ | Basic Fun 85618",K'NEX,https://www.amazon.co.uk/dp/B06Y4BC95L,Toys & Games,,31.99,34.89,8.0%,11913,15131,90,100,8,0,Y,3.49,5.69,9.18,20.79,2.02,9.7%,19.01,29.97,99%,Amazon,yes,4.7,3889,8,Y,5,STRONG,N,-,MAYBE-ROI; AMAZON DOMINANT,AMAZON CHECK,KEEPA,0744476856180,744476856180,00744476856180
B0D96ZP78F,"MGA’s Miniverse Make It Mini Honeydukes Trolley - Harry Potter Mini Collectibles, 50+ Pieces, DIY, Resin Play, Replica Food, For Collectors & Children Ages 8+, NOT EDIBLE, 1:12",MGA's Miniverse,https://www.amazon.co.uk/dp/B0D96ZP78F,Toys & Games,,24.99,24.92,0.0%,11932,6506,171,100,15,0,Y,3.26,4.61,7.87,16.24,0.88,5.4%,14.27,24.11,99%,Amazon,yes,4.5,1382,8,Y,5,STRONG,N,-,MAYBE-ROI; AMAZON DOMINANT,AMAZON CHECK,KEEPA,0035051523734,035051523734,00035051523734
B09H1XY1CN,"SPIDER-MAN Hasbro Marvel Legends Series 60th Anniversary Noir and Spider-Ham 15 cm Action Figures, 2 Accessories, Multicolor (F3443)",SPIDER-MAN,https://www.amazon.co.uk/dp/B09H1XY1CN,Toys & Games,,21.54,24.13,11.0%,12201,56108,53,100,14,0,N,2.94,4.07,7.01,14.00,0.52,3.7%,12.10,21.02,11%,ToyCult (100%) / A1333AP7B2GTMM,yes,4.8,386,5,N,4,AVERAGE,N,-,MAYBE-ROI,,KEEPA,5010994153793,,
B08F65MX4L,Repos Production | 7 Wonders | Board Game | Ages 10+ | 3-7 Players | 30 Minutes Playing Time,Asmodee,https://www.amazon.co.uk/dp/B08F65MX4L,Toys & Games,,39.49,39.97,1.0%,12203,10693,129,100,14,0,Y,3.26,6.85,10.11,25.67,3.72,14.5%,24.49,35.77,64%,Retro Games Europe (100%) / A2GWWNUF2QYC,yes,4.7,3111,9,Y,5,STRONG,N,-,MAYBE-ROI,AMAZON CHECK,KEEPA,5425016924006,,05425016924006
B0FN49MJQG,"Lankybox Mystery Lock Box Mystery Surprise Giant Blind Box, 16 Fun Surprises Inside, Official LankyBox Merch",LankyBox,https://www.amazon.co.uk/dp/B0FN49MJQG,Toys & Games,,29.99,33.22,10.0%,12254,10465,102,100,5,0,Y,3.49,5.38,8.87,19.49,1.62,8.3%,17.60,28.37,80%,Amazon,yes,4.6,26,6,Y,5,STRONG,N,-,MAYBE-ROI; AMAZON DOMINANT,AMAZON CHECK,KEEPA,0810054667636,810054667636,
B095J3PK5Y,Wildspire Fantasy Miniatures - Bookish Dragon for D&D & Pathfinder 28-32mm Bulk Miniatures,Wildspire,https://www.amazon.co.uk/dp/B095J3PK5Y,Toys & Games,,32.41,33.41,3.0%,12257,11331,76,100,2,0,N,3.04,5.75,8.79,21.07,2.55,12.1%,19.68,29.86,0%,Wildspire (97%) / A2BQDH5QNXILLF,yes,4.6,1393,8,Y,5,STRONG,Y,-,MAYBE-ROI,LOW SELLER CHECK,KEEPA,,,00195893382460
B0788XV9JM,Peaceable Kingdom Monkey Around First Game for Toddlers Interactive Play with Parent Ages 2+,Peaceable Kingdom,https://www.amazon.co.uk/dp/B0788XV9JM,Toys & Games,,21.88,21.88,0.0%,12386,11046,105,100,2,0,N,3.04,4.12,7.16,14.22,0.49,3.5%,12.26,21.39,0%,Crafts4Kids (96%) / A32UZ9FTK9H1K,yes,4.7,3248,8,Y,5,STRONG,N,-,MAYBE-ROI,LOW SELLER CHECK,KEEPA,0643356057641,643356057641,
B0D9WC3RVY,"THE TWIDDLERS 288 Boxes of Wax Crayons for Kids - 4 Per Box, 1,152 Total - Bulk Kids Crayons, Mixed Coloured Packs, Perfect for School Classrooms, Restaurants Colouring Activity, Party Bag Fillers",THE TWIDDLERS,https://www.amazon.co.uk/dp/B0D9WC3RVY,Toys & Games,,39.99,38.41,-4.0%,12426,31628,42,100,2,0,N,3.57,6.92,10.49,25.99,3.50,13.5%,24.58,36.49,0%,The Twiddlers (97%) / A1X6QJJOY8L3JH,no,4.5,36,9,Y,5,STRONG,Y,-,MAYBE-ROI,LOW SELLER CHECK,KEEPA,5060686326547,,
B0DX2JPFQH,tonies Sleepy Friends Bear Night Light Audio Classic Character,tonies,https://www.amazon.co.uk/dp/B0DX2JPFQH,Toys & Games,,27.99,27.99,0.0%,12432,16152,63,100,3,0,N,2.97,5.07,8.04,18.19,1.75,9.6%,16.62,26.24,0%,tonies UK (90%) / A24VDCFY0WV8HE,yes,5.0,12,6,N,4,AVERAGE,Y,-,MAYBE-ROI,,KEEPA,4251192152497,,
B0FH7MFXTB,Transformers Age of the Primes Voyager Class The Thirteen Amalgamous Prime Action Figure,Transformers,https://www.amazon.co.uk/dp/B0FH7MFXTB,Toys & Games,,34.99,33.37,-5.0%,12488,16492,62,200,5,0,Y,3.04,6.15,9.19,22.74,3.06,13.4%,21.50,31.93,100%,Amazon,yes,4.7,120,11,N,4,AVERAGE,N,-,MAYBE-ROI; AMAZON DOMINANT,AMAZON CHECK,KEEPA,5010996356062,,
B0D2PH8RV5,Magna-Tiles MicroMAGS 46-Piece Combi Set,Magna-Tiles,https://www.amazon.co.uk/dp/B0D2PH8RV5,Toys & Games,,39.96,45.72,13.0%,11164,42279,60,100,3,0,Y,3.26,6.92,10.18,25.97,3.80,14.6%,24.82,36.16,94%,Amazon,yes,4.7,241,6,N,4,AVERAGE,N,-,MAYBE-ROI; AMAZON DOMINANT,AMAZON CHECK,KEEPA,0850025176453,850025176453,
B0D94ZFWRB,Transformers Studio Series Leader Class Age of Extinction Optimus Prime Action Figure,Transformers,https://www.amazon.co.uk/dp/B0D94ZFWRB,Toys & Games,,37.22,37.68,1.0%,7542,12591,92,100,13,0,Y,3.05,6.49,9.54,24.19,3.49,14.4%,23.07,33.73,12%,VOYTO UK (95%) / APVB5IVDJXT38,yes,4.6,542,5,N,4,AVERAGE,N,-,MAYBE-ROI,AMAZON CHECK,KEEPA,5010996297921,,
B0FZTTPL3Y,Yu-Gi-Oh! Maze of Muertos Display (24),Yu-Gi-Oh!,https://www.amazon.co.uk/dp/B0FZTTPL3Y,Toys & Games,,59.99,61.51,2.0%,12508,137951,37,100,2,0,Y,2.94,10.01,12.95,38.99,8.05,20.6%,39.20,51.94,69%,Amazon,yes,5.0,1,3,N,3,WEAK,N,-,,AMAZON CHECK; LOW SELLER CHECK,KEEPA,4012927194140,,
B0DPRL2YPB,"Nerf Loadout Arctic Zerostriker Blaster with Scope, Stock, Barrel & Bipod Attachments, Toy Dart Blaster, 24 Official N1 Foam Darts, Combat Role Play for Kids, Perfect Toys for Boys & Girls",Hasbro,https://www.amazon.co.uk/dp/B0DPRL2YPB,Toys & Games,,24.99,24.99,0.0%,12585,5782,113,100,14,0,Y,3.93,4.61,8.54,16.24,0.21,1.3%,13.71,24.78,96%,Amazon,yes,4.6,310,7,N,4,AVERAGE,N,-,MAYBE-ROI; AMAZON DOMINANT,AMAZON CHECK,KEEPA,5010996347138,,05010996347138
B0BW7HZ488,Jellycat Amuseable Happy Boiled Egg - L: 4 cm x l: 8 cm x h: 14 cm,Jellycat,https://www.amazon.co.uk/dp/B0BW7HZ488,Toys & Games,,38.00,36.69,-4.0%,12606,14677,123,100,9,0,N,2.94,6.62,9.56,24.70,3.74,15.2%,23.70,34.26,0%,EveryDay Selections (95%) / AM3IZD5GNUUY,yes,4.3,74,4,N,3,AVERAGE,N,-,MAYBE-ROI,,KEEPA,0670983144093,670983144093,
B0DKL51464,"Star Wars The Black Series Obi-Wan Kenobi, Revenge of the Sith Premium Collectible 15-cm Action Figure",Star Wars,https://www.amazon.co.uk/dp/B0DKL51464,Toys & Games,,22.99,21.59,-6.0%,12792,16625,87,100,6,0,Y,2.94,4.30,7.24,14.94,0.81,5.4%,13.12,22.18,88%,Amazon,yes,4.7,270,10,N,4,AVERAGE,N,-,MAYBE-ROI; AMAZON DOMINANT,AMAZON CHECK,KEEPA,5010996314161,,
B09NB1DPTC,"Hasbro Gaming Mouse Trap Game, Multicolor, One Size, C0431",Hasbro,https://www.amazon.co.uk/dp/B09NB1DPTC,Toys & Games,,23.00,26.93,15.0%,12804,19052,101,100,15,0,Y,3.48,4.30,7.78,14.95,0.27,1.8%,12.68,22.73,96%,Amazon,yes,4.6,5293,13,N,4,AVERAGE,N,-,MAYBE-ROI; AMAZON DOMINANT,AMAZON CHECK,KEEPA,"5010993347681, 5010993974214, 5054186397930",,"05010993347681, 05010993974214, 05054186397930"
B0FVTYQ3SF,"Jellycat Blossom Silver Bunny Bloom Stuffed Animal, Medium",Jellycat,https://www.amazon.co.uk/dp/B0FVTYQ3SF,Toys & Games,,43.99,44.67,2.0%,12922,20187,94,100,18,0,N,3.04,7.54,10.58,28.59,4.82,16.8%,27.84,39.17,0%,Unison Raid (85%) / A2RROWJU8Z8NTO,yes,4.1,30,4,N,3,AVERAGE,N,-,MAYBE-ROI,,KEEPA,0670983159844,670983159844,00670983159844
B0DTRC2HT4,"A Gentle Rain – Calming Tile-Laying Puzzle Game – Mindful Solo, 2-Player, or Cooperative Play in 15 Minutes – Soft-Touch Tiles & Wooden Blossoms – Compact, Giftable, Family-Friendly Board Game",Incredible Dream,https://www.amazon.co.uk/dp/B0DTRC2HT4,Toys & Games,,22.00,27.99,21.0%,12993,47982,65,100,8,0,N,3.00,4.15,7.15,14.30,0.55,3.9%,12.38,21.45,0%,Zatu Games (90%) / A1ROBKG8KDMXEJ,no,4.7,157,8,N,4,AVERAGE,N,-,MAYBE-ROI,,KEEPA,0850052382032,850052382032,
B0DQ6C22M2,"MrBeast Lab Hybrids Mega Pack, Reveal Different Hybrid Parts To Create 5 Mix & Match Action Figures, Including a Mega Torso Panther Experiment To Reveal Hybrid's Real Colors, Collect 30+ Beasts",MRBEAST LAB,https://www.amazon.co.uk/dp/B0DQ6C22M2,Toys & Games,,39.99,39.99,0.0%,13057,11417,80,100,4,0,Y,3.54,6.92,10.46,25.99,3.53,13.6%,24.61,36.46,99%,Amazon,yes,4.5,646,7,N,4,AVERAGE,N,-,MAYBE-ROI; AMAZON DOMINANT,AMAZON CHECK,KEEPA,0630996249109,630996249109,
B0FL2GS24Q,"ToyUnited Magnetic Blocks - 200PCS Magnetic Building Blocks Flashing Light Cubes Forest Portal, Stacking Tiles STEM Sensory Toys for Kids Boys Girls Ages 3 4 5 6 7 8 9 10 Christmas Birthday Gifts",ToyUnited,https://www.amazon.co.uk/dp/B0FL2GS24Q,Toys & Games,,37.99,36.95,-3.0%,13094,13264,92,100,6,0,N,2.94,6.61,9.55,24.69,3.74,15.2%,23.70,34.25,0%,Hei Hei Catering Group Limited (100%) / ,yes,4.6,133,8,Y,5,STRONG,N,-,MAYBE-ROI,,KEEPA,0702291851841,702291851841,
B00J06GN5Q,"Peter Rabbit Jack in the Box, 14.5 x 14.5 x 15.5 centimeters, Blue",Rainbow Designs,https://www.amazon.co.uk/dp/B00J06GN5Q,Toys & Games,,22.49,25.33,11.0%,13098,7642,147,100,5,0,Y,3.49,4.22,7.71,14.62,0.16,1.1%,12.32,22.33,90%,Amazon,yes,4.6,1630,7,Y,5,STRONG,N,-,MAYBE-ROI; AMAZON DOMINANT,AMAZON CHECK,KEEPA,"5055458334882, 0798256334313, 5014475012319, 0736126230211, 0796629274426, 5060475098501, 0791159831910","736126230211, 791159831910, 798256334313, 796629274426","00798256334313, 05014475012319"
B0D3J97251,"Star Wars The Black Series Qui-Gon Jinn, Darth Maul, Obi-Wan Kenobi The Phantom Menace 6 Inch Action Figures",Star Wars,https://www.amazon.co.uk/dp/B0D3J97251,Toys & Games,,38.33,40.70,6.0%,13265,18762,63,100,10,0,N,3.06,6.67,9.73,24.91,3.69,14.8%,23.84,34.64,0%,Topline Retail Solutions Ltd (86%) / A1E,yes,4.7,165,9,N,4,AVERAGE,N,-,MAYBE-ROI,,KEEPA,5010996225788,,
B0BSXNT6WC,"Gabby’s Dollhouse, Carlita Purr-ific Play Room with Carlita Toy Car, Accessories, Furniture and Dollhouse Deliveries, Kids’ Toys for Ages 3 and up",DREAMWORKS GABBY'S DOLLHOUSE,https://www.amazon.co.uk/dp/B0BSXNT6WC,Toys & Games,,24.80,20.92,-19.0%,13375,11286,123,100,4,0,Y,3.26,4.58,7.84,16.12,0.84,5.2%,14.14,23.96,77%,Amazon,yes,4.8,1767,9,Y,5,STRONG,N,-,MAYBE-ROI; AMAZON DOMINANT,PRICE CHECK; AMAZON CHECK,KEEPA,0778988380819,778988380819,00778988380819
B09T76PHZH,"Figures Toy Company Figures Toy Ultimate Referee with Deluxe Articulation for WWE Wrestling Action Figures,Multi-color,6 Inch(Pack of 1)",Figures Toy Company,https://www.amazon.co.uk/dp/B09T76PHZH,Toys & Games,,32.99,35.66,7.0%,13503,18483,61,100,9,0,N,2.94,5.84,8.78,21.44,2.76,12.9%,20.17,30.23,0%,Naturalbazaar (82%) / A2NPHLZP4T3G8G,yes,4.5,1056,4,N,3,AVERAGE,N,-,MAYBE-ROI,,KEEPA,0810070882273,810070882273,
B0CX4SSBTJ,"Magna-Tiles Castle DLX 48-Piece Magnetic Construction Set, The Original Magnetic Building Brand, 2.76 in x 17 in x 12 in",Magna-Tiles,https://www.amazon.co.uk/dp/B0CX4SSBTJ,Toys & Games,,61.63,69.10,11.0%,13714,22242,84,100,17,0,Y,3.48,10.26,13.74,40.06,7.83,19.6%,39.91,53.80,66%,Amazon,yes,4.8,576,8,N,4,AVERAGE,N,-,MAYBE-ROI,AMAZON CHECK,KEEPA,0850025176330,850025176330,
B001I912SQ,"SKLZ Pro Mini Basketball Hoop, Spring-Action Break-Away Rim, 45.7 x 30.5 cm, Clear Shatter-Proof Backboard - Includes 12.7 cm Mini Basketball, Perfect for Home, Office, or Dorm Room Practice and Fun",SKLZ,https://www.amazon.co.uk/dp/B001I912SQ,Toys & Games,,34.99,36.17,3.0%,13836,13794,69,100,2,0,Y,3.93,6.15,10.08,22.74,2.17,9.5%,20.76,32.82,98%,Amazon,yes,4.3,33715,10,Y,5,STRONG,N,-,MAYBE-ROI; AMAZON DOMINANT,AMAZON CHECK; LOW SELLER CHECK,KEEPA,0831345004015,831345004015,00831345004015
B0CLF8Z18K,Funko Pop! TV: Stranger Things - Steve Harrington - Stranger Thingseve - (Scoops Ahoy) - Collectable Vinyl Figure - Gift Idea - Official Merchandise - Toys for Kids & Adults - TV Fans,Funko,https://www.amazon.co.uk/dp/B0CLF8Z18K,Toys & Games,,28.99,26.34,-10.0%,13952,10278,80,100,2,0,N,3.04,5.23,8.27,18.84,1.88,10.0%,17.27,27.11,0%,Mayflower Stores (100%) / A3867SBYCVQOUT,yes,4.7,233,8,Y,5,STRONG,N,-,MAYBE-ROI,PRICE CHECK; LOW SELLER CHECK,KEEPA,0889698799980,889698799980,
B0BQJZZT2X,"CoComelon Peek-A-Boo JJ 10” Feature Plush - Featuring Favourite Song, Phrases, and Sounds - Play Peek-A-Boo with JJ - Toys for Preschool and Kids",CoComelon,https://www.amazon.co.uk/dp/B0BQJZZT2X,Toys & Games,,24.99,25.48,2.0%,14021,14007,101,100,14,0,Y,3.49,4.61,8.10,16.24,0.65,4.0%,14.08,24.34,36%,Apna_estore (69%) / A22G3E2L2Q8CPR,yes,4.6,1178,8,Y,5,STRONG,N,-,MAYBE-ROI,AMAZON CHECK,KEEPA,0191726505891,191726505891,
B07Q2K1Y33,"Rummikub Six Player Edition - The Classic Rummy Tile Game - More Tiles and More Players for More Fun! by Pressman , Blue",Pressman,https://www.amazon.co.uk/dp/B07Q2K1Y33,Toys & Games,,23.99,24.13,1.0%,14043,6686,159,100,9,0,N,3.26,4.46,7.72,15.59,0.68,4.4%,13.56,23.31,0%,BargainMax Online Ltd (80%) / A16ZATMMFE,no,4.8,6609,7,N,4,AVERAGE,N,-,MAYBE-ROI,,KEEPA,0021853086485,021853086485,00021853086485
B095X8MRDH,"VTech Purple Secret Safe Diary Light Show, Interactive Girls Diary, Secret Diary for Girls with Face Recognition, Photos & More, Gifts for Girls with Games, Ages 6, 7, 8+ Year Olds, English Version",VTech,https://www.amazon.co.uk/dp/B095X8MRDH,Toys & Games,,48.97,49.14,0.0%,14044,11445,134,100,6,0,Y,3.26,8.31,11.57,31.83,5.57,17.5%,31.16,43.40,99%,Amazon,yes,4.5,559,11,Y,5,STRONG,N,-,MAYBE-ROI; AMAZON DOMINANT,AMAZON CHECK,KEEPA,3417765419034,,
B09PQBM615,One Random PSA Graded and Authenticated Encased Pokemon Card (Perfect for Display),Pokémon,https://www.amazon.co.uk/dp/B09PQBM615,Toys & Games,,35.00,37.84,8.0%,14076,11548,98,100,6,0,N,1.87,6.15,8.02,22.75,4.23,18.6%,22.48,30.77,0%,CARD SHOP 1994 (0%) / ANAQE65GZKL1F,yes,3.4,1491,5,N,4,AVERAGE,N,-,MAYBE-ROI,,KEEPA,0785571317923,785571317923,
B0D63FHHQQ,"Teamsterz JCB Construction Vehicles Set - 3 Pack of Toy Construction Trucks for Kids - Dump Truck, Front Loader, and Excavator - Realistic Design and Moving Parts - Ideal for Ages 3 and Up",Mozzers,https://www.amazon.co.uk/dp/B0D63FHHQQ,Toys & Games,,22.99,20.28,-13.0%,15645,23787,51,100,2,0,N,3.48,4.30,7.78,14.94,0.27,1.8%,12.67,22.72,0%,HomeFolk Retail (94%) / ARVSZJUM7DDH,yes,4.7,29,8,N,4,AVERAGE,N,-,MAYBE-ROI,PRICE CHECK; LOW SELLER CHECK,KEEPA,5070002002505,,
B082VY8XXC,"Learning Resources Design & Drill Bolt-It Bucket, Ages 3–7, Portable STEM Construction Toy, Includes Drill and 52 Colourful Bolts",Educational Insights,https://www.amazon.co.uk/dp/B082VY8XXC,Toys & Games,,29.99,29.74,-1.0%,10610,16707,70,100,11,0,Y,3.05,5.38,8.43,19.49,2.06,10.6%,17.96,27.93,19%,GOSLING TOYS (84%) / A1YBPDDQWI3LL2,no,4.5,3045,6,Y,5,STRONG,N,-,MAYBE-ROI,AMAZON CHECK,KEEPA,0086002041456,086002041456,00086002041456
B0F4L7L466,"Basic Fun Care Bears x Stranger Things 2-Pack Boxed Set 30cm – Cheer Bear as Eleven & Grumpy Bear as Demogorgon – Limited Edition Gift Set for Fans, Pink, Green",Care Bears,https://www.amazon.co.uk/dp/B0F4L7L466,Toys & Games,,27.99,34.84,20.0%,14298,7847,109,100,7,0,Y,3.54,5.07,8.61,18.19,1.18,6.5%,16.15,26.81,94%,Amazon,yes,4.8,61,9,Y,5,STRONG,N,-,MAYBE-ROI; AMAZON DOMINANT,AMAZON CHECK,KEEPA,0885561230406,885561230406,
B0CHTM6ZLD,BABY born Bath Bathtub 835784 - Accessories for 36cm & 43cm Dolls with Light/Sound Effects For Toddlers - Includes Pillow & Squirting Duck - Batteries Required - Suitable from 3 Years,BABY born,https://www.amazon.co.uk/dp/B0CHTM6ZLD,Toys & Games,,39.99,34.48,-16.0%,11994,18072,53,100,7,0,Y,3.56,6.92,10.48,25.99,3.51,13.5%,24.59,36.48,90%,Amazon,yes,4.7,94,7,N,4,AVERAGE,N,-,MAYBE-ROI; AMAZON DOMINANT,PRICE CHECK; AMAZON CHECK,KEEPA,4001167835784,,04001167835784
B0F74FN34Q,"Casdon Build-A-Bear Workshop Toy Stuffing Station | At-Home Station for Kids Aged 3+ | Stuff, Dress & Cuddle Furry Friends | Toy Stuffing Station with Lights Included",Casdon,https://www.amazon.co.uk/dp/B0F74FN34Q,Toys & Games,,29.17,29.56,1.0%,13676,27072,68,100,15,0,Y,3.54,5.26,8.80,18.96,1.41,7.4%,16.98,27.76,89%,Amazon,yes,4.5,158,7,Y,5,STRONG,N,-,MAYBE-ROI; AMAZON DOMINANT,AMAZON CHECK,KEEPA,5011551001816,,
B0C3ZQNPCZ,"Baby Annabell Sweet Dreams Bed, Doll Bed with Light-Up Canopy, Mattress, Matching Pillow and Blanket for 43cm Dolls, Plays a Lullaby, For Children Aged 3+, 710302 Zapf Creation",Baby Annabell,https://www.amazon.co.uk/dp/B0C3ZQNPCZ,Toys & Games,,39.99,42.33,6.0%,14586,12611,65,100,3,0,Y,4.15,6.92,11.07,25.99,2.92,11.2%,24.10,37.07,99%,Amazon,yes,4.5,325,15,Y,5,STRONG,N,-,MAYBE-ROI; AMAZON DOMINANT,AMAZON CHECK,KEEPA,4001167710302,,04001167710302
B0BTPZRJDG,"LEGO Creator Bird's Nest Set, Building Toys for 9 Plus Year Old Girls, Boys & Kids With a Passion for Animals, Includes 3 toy Birds, Kids' Bedroom Decoration, Easter Treat, Birthday Gift Idea 40639",LEGO,https://www.amazon.co.uk/dp/B0BTPZRJDG,Toys & Games,,20.51,19.05,-8.0%,14613,11495,135,100,14,0,N,2.94,3.92,6.86,13.33,0.32,2.4%,11.38,20.19,0%,collect-it-de VEDES-Spielwaren (51%) / A,no,4.8,2241,8,N,4,AVERAGE,N,-,MAYBE-ROI,,KEEPA,0673419377676,673419377676,
B09P3PPSK7,Sylvanian Families Highbranch Giraffe Family- dollhouse playset 5639,Sylvanian Families,https://www.amazon.co.uk/dp/B09P3PPSK7,Toys & Games,,26.99,26.11,-3.0%,14689,10895,90,100,11,0,Y,2.94,4.92,7.86,17.54,1.59,9.1%,15.94,25.40,100%,Amazon,yes,4.8,817,4,Y,5,AVERAGE,N,-,MAYBE-ROI; AMAZON DOMINANT,AMAZON CHECK,KEEPA,5054131056394,,
B0D952JGZG,Transformers Studio Series Voyager Class The Movie Constructicon Scrapper Action Figure,Transformers,https://www.amazon.co.uk/dp/B0D952JGZG,Toys & Games,,29.99,32.17,7.0%,14694,24276,61,100,5,0,Y,3.04,5.38,8.42,19.49,2.07,10.6%,17.97,27.92,67%,Amazon,yes,4.8,648,11,N,4,AVERAGE,N,-,MAYBE-ROI,AMAZON CHECK,KEEPA,5010996301185,,
B0BXJT92PT,"Pokémon TCG: Origin Forme Palkia VSTAR League Battle Deck (60-Card Ready-to-Play Deck, 3 Foil V Cards & 2 Foil VSTAR Cards)",Pokémon,https://www.amazon.co.uk/dp/B0BXJT92PT,Toys & Games,,26.95,26.32,-2.0%,19492,37127,70,100,10,0,Y,2.94,4.91,7.85,17.52,1.59,9.1%,15.92,25.36,98%,Amazon,yes,4.7,686,9,Y,5,STRONG,N,-,MAYBE-ROI; AMAZON DOMINANT,AMAZON CHECK,KEEPA,0820650852367,820650852367,00820650852367
B0DTHJ3JH8,"8 in 1 Fish Tank Building Sets, Marine Aquarium Building Toy with LED Light Animal Miniature Landscape Including Octopus Crab, Christmas Birthday Gifts for Adults Boys Girls Kid Ages 6 8 10 12+",kiothdre,https://www.amazon.co.uk/dp/B0DTHJ3JH8,Toys & Games,,27.99,27.76,-1.0%,14759,14070,58,200,2,0,N,3.04,5.07,8.11,18.19,1.68,9.3%,16.56,26.31,0%,kiothdre toys (100%) / A14FFPUXFVKWOQ,yes,4.4,205,6,Y,5,STRONG,Y,-,MAYBE-ROI,LOW SELLER CHECK,KEEPA,,,
B06VXXLL12,"AquaPlay Lock Box Playset, Water Table Suitable for Kids Ages 3+ Years, Medium",AquaPlay,https://www.amazon.co.uk/dp/B06VXXLL12,Toys & Games,,29.99,39.38,24.0%,14900,44769,51,100,6,0,Y,5.55,5.38,10.93,19.49,-0.44,-2.2%,15.88,30.43,98%,Amazon,yes,4.2,1862,6,Y,5,STRONG,N,-,MAYBE-ROI; AMAZON DOMINANT,AMAZON CHECK,KEEPA,,,
B0D1QN278M,"ZLemma Cardboard Construction Kit - 401 PCS Kids Building Set with Safe Serrated Cutter, Crease Roller, Screws & Nuts, STEM Upcycled Tool for DIY Cardboard Projects, Engineering & Creativity",ZLemma,https://www.amazon.co.uk/dp/B0D1QN278M,Toys & Games,,36.99,35.67,-4.0%,16017,12775,84,100,2,0,N,2.94,6.46,9.40,24.04,3.55,14.8%,22.99,33.44,0%,ZLemma (86%) / A1W8QN2T157NNV,yes,4.6,488,7,Y,5,STRONG,Y,-,MAYBE-ROI,LOW SELLER CHECK,KEEPA,,,
B0F8QWDM6N,BABY born Lunch Time Table with Lights and Sounds - Over 10 Different Dishes and Drinks - For dolls up to 43cm - Suitable for ages 3+,BABY born,https://www.amazon.co.uk/dp/B0F8QWDM6N,Toys & Games,,29.75,29.43,-1.0%,15155,11254,76,100,7,0,Y,4.15,5.34,9.49,19.34,0.92,4.8%,16.88,28.83,92%,Home Essence Ltd (91%) / A3EOEZWEPXN9YI,no,4.6,100,7,N,4,AVERAGE,N,-,MAYBE-ROI; AMAZON DOMINANT,AMAZON CHECK,KEEPA,4001167840634,,
B000FDSKZ4,Rubies Official Star Wars - Clone Trooper Child Medium M Halloween,Rubies,https://www.amazon.co.uk/dp/B000FDSKZ4,Toys & Games,,23.99,21.41,-12.0%,15164,8537,72,200,3,0,Y,4.03,4.46,8.49,15.59,-0.09,-0.6%,12.92,24.08,39%,Amazon,yes,3.9,785,8,Y,5,STRONG,N,-,MAYBE-ROI,PRICE CHECK; AMAZON CHECK,KEEPA,"0883028201068, 0783719961946, 0799632148012","799632148012, 883028201068, 783719961946",00883028201068
B0CND1H44Q,Funko POP! Deluxe: Jujutsu Kaisen - Gojo - Purple - Collectable Vinyl Figure - Gift Idea - Official Merchandise - Toys For Kids & Adults - Model Figure for Collectors and Display,Funko,https://www.amazon.co.uk/dp/B0CND1H44Q,Toys & Games,,24.99,31.72,21.0%,15213,16423,48,100,9,0,Y,3.26,4.61,7.87,16.24,0.88,5.4%,14.27,24.11,40%,Amazon,yes,4.7,196,8,Y,5,STRONG,N,-,MAYBE-ROI,AMAZON CHECK,KEEPA,"0088969880284, 0889698802840","088969880284, 889698802840",00889698802840
B003KKH9OW,"Douglas 4009 Dogs Border Collie Plush Toy, 20 cm Long",Douglas,https://www.amazon.co.uk/dp/B003KKH9OW,Toys & Games,,23.20,24.17,4.0%,15352,21394,80,100,7,0,N,2.94,4.33,7.27,15.08,0.85,5.6%,13.27,22.35,0%,JNANA STORE (87%) / AN2QKCRZ46XUK,yes,4.1,1156,1,N,3,WEAK,N,-,MAYBE-ROI,,KEEPA,"0767548120279, 0789264257268, 9044712112089","767548120279, 789264257268",00767548120279
B0CLSFDSV1,Play-Doh Kitchen Creations Busy Chef's Restaurant Playset,Play-Doh,https://www.amazon.co.uk/dp/B0CLSFDSV1,Toys & Games,,20.49,21.98,7.0%,15354,18954,74,100,15,0,N,3.34,3.91,7.25,13.32,-0.08,-0.6%,11.03,20.57,0%,ToyBarnhaus (82%) / A2RV5RVII6YBBL,no,4.8,686,8,N,4,AVERAGE,N,-,MAYBE-ROI,,KEEPA,5010996245458,,05010996245458
B0BF57RNPC,"Asmodee, Splendor Duel, Board Game, Ages 10+, 2 Players, 30 Minutes Playing Time",Asmodee,https://www.amazon.co.uk/dp/B0BF57RNPC,Toys & Games,,23.95,22.96,-4.0%,16393,8700,123,100,13,0,Y,2.94,4.45,7.39,15.57,1.00,6.4%,13.80,22.95,96%,Amazon,yes,4.8,854,3,Y,5,AVERAGE,N,-,MAYBE-ROI; AMAZON DOMINANT,AMAZON CHECK,KEEPA,3558380100294,,03558380100294
B001GRXC0G,"Snazaroo Face Paint Palette, 18 ml (1 Pack of 8 Colors) - Vibrant Make-Up, Perfect for World Cup, Parties, Cosplay, Animals Events, Carnival, & More",Snazaroo,https://www.amazon.co.uk/dp/B001GRXC0G,Toys & Games,,23.24,19.30,-20.0%,15389,19542,67,100,5,0,Y,3.06,4.34,7.40,15.11,0.74,4.9%,13.20,22.50,70%,Amazon,yes,4.6,2701,9,Y,5,STRONG,N,-,MAYBE-ROI,PRICE CHECK; AMAZON CHECK,KEEPA,0766416808226,766416808226,00766416808226
B0BYQHW5PJ,"Pokémon Sleeping Plush - 5-Inch - Bulbasaur, Charmander, Squirtle",Jazwares,https://www.amazon.co.uk/dp/B0BYQHW5PJ,Toys & Games,,29.99,28.32,-6.0%,15464,13842,86,100,2,0,Y,3.04,5.38,8.42,19.49,2.07,10.6%,17.97,27.92,78%,Amazon,yes,4.7,432,6,Y,5,STRONG,N,-,MAYBE-ROI; AMAZON DOMINANT,AMAZON CHECK; LOW SELLER CHECK,KEEPA,0191726711513,191726711513,
B09SVTHJ4G,"Learning Resources All About Me Feelings Activity Set, Ages 3+, Emotional Learning Toy, Social and Emotional Development",Learning Resources,https://www.amazon.co.uk/dp/B09SVTHJ4G,Toys & Games,,21.99,22.18,1.0%,9218,21651,65,100,9,0,Y,2.94,4.15,7.09,14.29,0.61,4.3%,12.42,21.38,65%,Home Essence Ltd (91%) / A3EOEZWEPXN9YI,no,4.7,650,7,Y,5,STRONG,N,-,MAYBE-ROI,AMAZON CHECK,KEEPA,0765023033687,765023033687,00765023033687
B0BN6PZFG2,"​Thomas & Friends Toy Train Tracks Set, Connect & Build Bucket, 34-Piece Expansion Pack for Diecast & Motorized Trains, Kids Ages 3+ Years, HNP81",THOMAS & FRIENDS,https://www.amazon.co.uk/dp/B0BN6PZFG2,Toys & Games,,22.98,22.20,-4.0%,15754,9733,140,100,3,0,Y,3.54,4.30,7.84,14.94,0.20,1.4%,12.62,22.78,1%,Mytoyfactory (92%) / A1TU5ZTOW0QFJ7,no,4.8,870,8,Y,5,STRONG,N,-,MAYBE-ROI,AMAZON CHECK,KEEPA,0194735147380,194735147380,00194735147380
B0CMGR1F4J,"Barbie Fashionistas Set with 2 Fashion Dolls & 6 Accessories, Roller-Skating Barbie & Ken, 65th Anniversary Collectible, HXK90",Barbie,https://www.amazon.co.uk/dp/B0CMGR1F4J,Toys & Games,,25.75,24.62,-5.0%,15967,12609,134,100,9,0,Y,3.26,4.72,7.98,16.74,1.03,6.2%,14.81,24.72,70%,Amazon,yes,4.7,2236,6,Y,5,STRONG,N,-,MAYBE-ROI,AMAZON CHECK,KEEPA,"0194735232437, 1947352324370",194735232437,00194735232437
B0DP91GFMK,Sylvanian Families - Baby Dream Amusement Park 5841,EPOCH,https://www.amazon.co.uk/dp/B0DP91GFMK,Toys & Games,,43.10,38.58,-12.0%,16130,27225,72,100,10,0,Y,3.37,7.40,10.77,28.02,4.31,15.4%,26.94,38.79,78%,KsiegarniaInternetowa-co-uk (81%) / A1Q8,no,4.6,66,10,N,4,AVERAGE,N,-,MAYBE-ROI; AMAZON DOMINANT,PRICE CHECK; AMAZON CHECK,KEEPA,5054131058411,,05054131058411
B0GHBTFPGW,Asmodee | Heat - Rocky Roads | Board Game Expansion | Ages 10+ | 1-7 Players | 30-60 Minutes Playing Time,Days of Wonder,https://www.amazon.co.uk/dp/B0GHBTFPGW,Toys & Games,,28.49,28.99,2.0%,16468,32244,17,100,6,0,Y,3.26,5.15,8.41,18.52,1.56,8.4%,16.73,26.93,100%,Amazon,yes,5.0,2,9,Y,5,STRONG,N,-,MAYBE-ROI; AMAZON DOMINANT,AMAZON CHECK,KEEPA,0824968091043,824968091043,
B0DB4G2784,"ToyUnited Magnetic Blocks Forest Theme 150PCS Magnetic Building Tiles, STEM Montessori Sensory Toys for Toddlers 3-5, Creative Construction Gift for Boys Girls 4-10",ToyUnited,https://www.amazon.co.uk/dp/B0DB4G2784,Toys & Games,,29.99,26.68,-12.0%,16517,4211,146,200,4,0,N,2.72,5.38,8.10,19.49,2.39,12.3%,18.24,27.60,0%,Hei Hei Catering Group Limited (100%) / ,yes,4.6,1173,6,Y,5,STRONG,N,-,MAYBE-ROI,PRICE CHECK,KEEPA,0702291370670,702291370670,
B08MV5F531,"JOYIN 160 PCS Washable Sidewalk Chalks Set Non-Toxic Jumbo Chalk for Outdoor Art Play, Painting on Chalkboard, Blackboard and Playground",JOYIN,https://www.amazon.co.uk/dp/B08MV5F531,Toys & Games,,26.99,25.75,-5.0%,16533,19357,52,100,2,0,N,3.38,4.08,7.46,17.54,1.98,11.3%,16.27,25.01,0%,Jova Direct GL (100%) / A3CKU967O8LMXS,yes,4.8,4021,7,Y,5,STRONG,N,-,MAYBE-ROI,LOW SELLER CHECK,KEEPA,0840165815268,840165815268,
B07SK99ZGX,"The Magic Toy Shop Traffic Light Toy with Sounds & Lights, Including 3 Road Signs - Dual Modes, Battery Operated, Interactive - Road Safety for Kids, Educational Outdoor Role Play Toys for Children",The Magic Toy Shop,https://www.amazon.co.uk/dp/B07SK99ZGX,Toys & Games,,24.99,24.99,0.0%,16661,18863,43,100,2,0,N,3.34,4.61,7.95,16.24,0.80,4.9%,14.20,24.19,0%,The Magic Toy Shop (90%) / A17GEWISJQYEU,no,4.0,224,9,Y,5,STRONG,Y,-,MAYBE-ROI,LOW SELLER CHECK,KEEPA,5060621846451,,
B0DQPLXBKR,"BONNYCO Magnetic Tiles for Kids with Animal Figures 50 PCS. Stem Toys for Children in 2D 3D with Illustrations, Educational Games. Birthday Gifts for Kids 4 5 6 7 8 9 10 Years Old",BONNYCO,https://www.amazon.co.uk/dp/B0DQPLXBKR,Toys & Games,,29.99,30.36,1.0%,16693,26022,48,100,2,0,N,3.48,5.38,8.86,19.49,1.63,8.4%,17.61,28.36,0%,BONNYCO (100%) / A24M0HQIB2PZKQ,yes,4.8,147,9,Y,5,STRONG,Y,-,MAYBE-ROI,LOW SELLER CHECK,KEEPA,8436589961258,,
B0FMYLXD28,"Scalextric - G1189M My First Let's Play! Racing Tracks Sets for Kids Ages 3+ - Mains Powered Micro Race Set, Toy Car Kits for Boys. Incl. 1x Speed Track, 2x Cars, 2x Controllers - Toys Gifts",Scalextric,https://www.amazon.co.uk/dp/B0FMYLXD28,Toys & Games,,36.99,39.41,6.0%,16969,9239,117,100,5,0,Y,3.49,6.46,9.95,24.04,3.00,12.5%,22.53,33.99,82%,Amazon,yes,4.6,53,6,Y,5,STRONG,N,-,MAYBE-ROI; AMAZON DOMINANT,AMAZON CHECK,KEEPA,5063129042707,,
B0FF9MWMQH,"Dreamon Magic Aqua Fairy Water Gel Fishing Kit, 71PCS Magic DIY Squishy Maker Set with Fishing Rod, 14 Colors & 20 Molds, Creative Arts & Crafts Toys, Birthday Gifts for Boys Girls Ages 3–6",Dreamon,https://www.amazon.co.uk/dp/B0FF9MWMQH,Toys & Games,,22.42,21.00,-7.0%,17362,15646,83,100,2,0,N,3.48,4.21,7.69,14.57,0.16,1.1%,12.28,22.26,0%,Dreamon Toy (100%) / A256SP82TNA1WB,yes,4.6,296,6,Y,5,STRONG,Y,-,MAYBE-ROI,LOW SELLER CHECK,KEEPA,,,
B0FK7HLT4C,"MAX Build More Premium Fuggler Collection 4 Pack by ZURU - Novelty Unboxing Toy & Building Brick Collectible Minis with up to 167 Pieces, Fun Designs to Build & Display, Ages 8+, Kids, Teens & Adults.",Max Build More,https://www.amazon.co.uk/dp/B0FK7HLT4C,Toys & Games,,29.99,29.99,0.0%,20909,41921,40,100,2,0,Y,3.54,5.38,8.92,19.49,1.57,8.1%,17.56,28.42,100%,Amazon,yes,5.0,33,6,Y,5,STRONG,N,-,MAYBE-ROI; AMAZON DOMINANT,AMAZON CHECK; LOW SELLER CHECK,KEEPA,0193052093707,193052093707,
B000NKN71G,Animal Jack In a Box (Styles May Vary),Tobar,https://www.amazon.co.uk/dp/B000NKN71G,Toys & Games,,20.64,22.67,9.0%,17705,14710,73,100,6,0,Y,3.48,3.94,7.42,13.42,-0.19,-1.4%,11.02,20.83,57%,Venture Blue (95%) / A2UKPY8E9GO47,yes,4.4,416,4,N,3,AVERAGE,N,-,MAYBE-ROI,AMAZON CHECK,KEEPA,5038728049334,,05038728049334
B0CLS8L3R7,"Aurora 61562, tabby McTat Cat 9in, Soft Toy, Grey and White",AURORA,https://www.amazon.co.uk/dp/B0CLS8L3R7,Toys & Games,,21.02,18.72,-12.0%,17756,8557,114,100,2,0,N,3.05,3.99,7.04,13.66,0.31,2.3%,11.65,20.71,67%,Neat Ideas Ltd (94%) / A3CFTXXGWUAY4X,no,4.6,63,6,N,4,AVERAGE,N,-,MAYBE-ROI,PRICE CHECK; LOW SELLER CHECK,KEEPA,5034566615625,,05034566615625
B000F8I5AO,"Halilit Baby's First Birthday Band Musical Instrument Gift Set. Includes Ocean Drum, Baby Maraca, Ring My Bell, Rainboshaker & Clip Clap. Music Sensory Baby Toy. Suitable for Boys & Girls 12 Months +",Halilit,https://www.amazon.co.uk/dp/B000F8I5AO,Toys & Games,,23.49,22.98,-2.0%,17803,15552,49,100,5,0,Y,3.04,4.37,7.41,15.27,0.81,5.3%,13.40,22.68,99%,Amazon,yes,4.7,2050,8,Y,5,STRONG,N,-,MAYBE-ROI; AMAZON DOMINANT,AMAZON CHECK,KEEPA,"7290006631442, 0608618090088, 0777904495118, 0792463470871, 8710103868064, 8882155298479, 5053959717074","777904495118, 792463470871, 608618090088",07290006631442
B0FHQCRFDS,Jada SONIC NANOFIGS MULTIPACK WAVE 2,Jada,https://www.amazon.co.uk/dp/B0FHQCRFDS,Toys & Games,,25.99,24.12,-8.0%,24861,19651,43,100,4,0,Y,2.72,4.76,7.48,16.89,1.62,9.6%,15.43,24.37,71%,J & M Stores LONDON (100%) / AN6MZL7G71R,yes,4.3,9,3,N,3,WEAK,N,-,MAYBE-ROI; AMAZON DOMINANT,AMAZON CHECK,KEEPA,4006333102622,,
B0C87WK67Z,Lookout Spiele | Forest Shuffle | Family Card Game | Ages 10+ | 2-5 Players | 60 Minutes Playing Time,Lookout,https://www.amazon.co.uk/dp/B0C87WK67Z,Toys & Games,,24.95,22.47,-11.0%,18212,10827,108,100,12,0,Y,2.90,4.60,7.50,16.22,1.23,7.6%,14.54,23.72,86%,Amazon,yes,4.6,424,5,Y,5,AVERAGE,N,-,MAYBE-ROI; AMAZON DOMINANT,PRICE CHECK; AMAZON CHECK,KEEPA,"0601982034078, 4260402316758",601982034078,
B0DJG7C2QF,"Corgi Diecast Model Cars - RT26101S James Bond Aston Martin DB5 - Iconic 007 Collectible Car Model for Men & Women - Small Die Cast Toy Models for Boys, Gift for Motor Enthusiasts",Corgi,https://www.amazon.co.uk/dp/B0DJG7C2QF,Toys & Games,,30.05,28.77,-4.0%,18278,12307,91,100,16,0,Y,2.72,5.39,8.11,19.53,2.41,12.3%,18.28,27.64,72%,Amazon,yes,4.4,208,5,N,4,AVERAGE,N,-,MAYBE-ROI; AMAZON DOMINANT,AMAZON CHECK,KEEPA,5063129028411,,
B0FLJDGRX1,"Akosuntoys Magnetic Blocks Set, 150 PCS Magnetic Building Blocks Construction Toys for 3-10 Year Old Boys Girls, Magnetic Tiles Click Blocks Game Birthday Gifts for Kids",Akosuntoys,https://www.amazon.co.uk/dp/B0FLJDGRX1,Toys & Games,,23.99,20.46,-17.0%,18316,22760,63,100,2,0,N,2.42,4.46,6.88,15.59,1.52,9.8%,14.26,22.47,0%,WILHEMINA TOYS SHOP (100%) / A1VK791T5UI,yes,4.2,24,7,Y,5,STRONG,N,-,MAYBE-ROI,PRICE CHECK; LOW SELLER CHECK,KEEPA,0768924837248,768924837248,
B0BDMS164P,"Schleich Horse Club - 34PC Stall Horse Toy Playset with Mare and Foal Figure, Cat Figurine, and Accessories - Stable Extension Set for Girls and Boys - Interactive, Realistic Kids Toys Ages 5+ | 42611",SCHLEICH,https://www.amazon.co.uk/dp/B0BDMS164P,Toys & Games,,29.99,28.40,-6.0%,18580,23253,92,100,20,0,Y,3.04,5.38,8.42,19.49,2.07,10.6%,17.97,27.92,72%,Amazon,yes,4.8,873,8,Y,5,STRONG,N,-,MAYBE-ROI; AMAZON DOMINANT,AMAZON CHECK,KEEPA,4059433654034,,04059433654034
B0FKM878QV,"MAX Build More Premium Retro Series 2 4 Pack by ZURU – Novelty Unboxing Toy & Building Brick Collectible Minis with up to 674 Pieces, 4 Retro Designs to Build & Display, Ages 8+, Kids, Teens & Adults",Max Build More,https://www.amazon.co.uk/dp/B0FKM878QV,Toys & Games,,29.99,29.99,0.0%,15494,19803,61,100,2,0,Y,3.54,5.38,8.92,19.49,1.57,8.1%,17.56,28.42,99%,Amazon,yes,4.9,27,7,Y,5,STRONG,N,-,MAYBE-ROI; AMAZON DOMINANT,AMAZON CHECK; LOW SELLER CHECK,KEEPA,0193052089144,193052089144,
B0FPXDDHLC,"LEGO Friends Animal Vet Clinic - Educational Toy w/a Horse Stable, 2 Mini Dolls, Pet Dog, Bunny & Cat Figures Plus Accessories - Birthday Gift for 4+ Year Old Girls - 42696",LEGO,https://www.amazon.co.uk/dp/B0FPXDDHLC,Toys & Games,,24.99,24.99,0.0%,19158,14073,56,100,18,0,Y,3.04,4.61,7.65,16.24,1.10,6.8%,14.45,23.89,99%,Amazon,yes,5.0,17,10,Y,5,STRONG,N,-,MAYBE-ROI; AMAZON DOMINANT,AMAZON CHECK,KEEPA,"5702018099353, 5702018060469",,05702018060469
B0BDHHBXMZ,Transformers Legacy Evolution Leader Class Nova Prime 7” Action Figure For Boys And Girls Ages 8 And Up,Transformers,https://www.amazon.co.uk/dp/B0BDHHBXMZ,Toys & Games,,40.00,49.81,20.0%,19158,24893,86,100,7,0,N,3.49,6.92,10.41,26.00,3.59,13.8%,24.66,36.41,81%,docsmagic (96%) / A33SXG4HFQULNN,yes,4.8,666,7,N,4,AVERAGE,N,-,MAYBE-ROI; AMAZON DOMINANT,,KEEPA,"5010996143297, 5010996143211",,
B07BVDHMFN,Living Nature German Shepherd Soft Toy | Fluffy Dog Animal | Soft Toy Gift for Kids | 21 cm,Keycraft,https://www.amazon.co.uk/dp/B07BVDHMFN,Toys & Games,,21.99,21.11,-4.0%,19816,10278,95,100,2,0,Y,3.48,4.15,7.63,14.29,0.07,0.5%,11.97,21.92,99%,Amazon,yes,4.7,1720,9,Y,5,STRONG,N,-,MAYBE-ROI; AMAZON DOMINANT,AMAZON CHECK; LOW SELLER CHECK,KEEPA,5037832309013,,05037832309013
B00KYUO2PU,"Winning Moves Pay Day Board Game, Will you win the lottery or win at the Family Casino night, the classic money management game for ages 8 plus",Winning Moves,https://www.amazon.co.uk/dp/B00KYUO2PU,Toys & Games,,22.24,20.43,-9.0%,19885,11204,93,100,2,0,Y,3.26,4.18,7.44,14.46,0.34,2.4%,12.33,21.90,100%,Amazon,yes,4.6,1098,6,Y,5,STRONG,N,-,MAYBE-ROI; AMAZON DOMINANT,AMAZON CHECK; LOW SELLER CHECK,KEEPA,5036905022743,,05036905022743
B004S2BPJG,WWE Action Figure Accessory: (Set of 5 Wrestling Props),Figures Toy Company,https://www.amazon.co.uk/dp/B004S2BPJG,Toys & Games,,33.31,35.16,5.0%,20051,21104,58,100,7,0,N,2.94,5.89,8.83,21.65,2.83,13.1%,20.40,30.48,0%,Healthy Bees (98%) / A1I88WSXKUMX55,yes,4.5,4715,4,N,3,AVERAGE,N,-,MAYBE-ROI,,KEEPA,0728028084771,728028084771,
B0DL7SD7HY,"Barbie Cutie Reveal Care Bears Doll & Accessories, Series 2 Togetherness Bear with 10 Surprises Including Color Change & Mini Bear, JFV60",Barbie,https://www.amazon.co.uk/dp/B0DL7SD7HY,Toys & Games,,24.49,23.88,-3.0%,20070,15649,76,100,16,0,N,3.04,4.53,7.57,15.92,1.00,6.3%,14.10,23.49,41%,BargainMax Online Ltd (80%) / A16ZATMMFE,no,4.8,681,6,Y,5,STRONG,N,-,MAYBE-ROI,,KEEPA,0194735306268,194735306268,00194735306268
B0DL6DHLDM,"Hot Wheels Toy Monster Trucks, Sharks vs. Dinos Dragon Destruction Playset with 1:64 Scale Great Bite & Rageasaur, Race to Defeat the Cyborg Nemesis, JGB06",Hot Wheels,https://www.amazon.co.uk/dp/B0DL6DHLDM,Toys & Games,,36.70,32.54,-13.0%,20153,13368,113,100,11,0,Y,4.95,6.42,11.37,23.86,1.48,6.2%,21.11,35.22,76%,D.R-Store (100%) / A20GDBJU56KXDL,yes,4.3,460,6,Y,5,STRONG,N,-,MAYBE-ROI; AMAZON DOMINANT,PRICE CHECK; AMAZON CHECK,KEEPA,0194735309030,194735309030,
B08Z1C61CK,ABYstyle One Piece Luffy Premium Straw Hat - Adult,ABYSTYLE,https://www.amazon.co.uk/dp/B08Z1C61CK,Toys & Games,,22.99,22.90,0.0%,20287,41705,42,100,12,0,N,4.59,4.30,8.89,14.94,-0.84,-5.7%,11.75,23.83,0%,Merchoid (93%) / A1UF1TK56TWV0R,no,4.6,1224,3,Y,5,AVERAGE,N,-,MAYBE-ROI,,KEEPA,3665361049524,,03665361049524
B0FNX6ZGFV,"BABY born Interactive Rosie 30cm, soft baby doll with 6 sounds & bottles, Pink",BABY born,https://www.amazon.co.uk/dp/B0FNX6ZGFV,Toys & Games,,21.99,21.53,-2.0%,26483,24681,44,100,2,0,Y,3.05,4.15,7.20,14.29,0.50,3.5%,12.33,21.49,100%,Amazon,yes,4.6,20,9,Y,5,STRONG,N,-,MAYBE-ROI; AMAZON DOMINANT,AMAZON CHECK; LOW SELLER CHECK,KEEPA,4001167840955,,
B0DKQXNBS2,BABY born Emma in jungle style - 43 cm tall baby doll - 10 functions incl. accessories & romper in unisex colours - Functions without batteries - Suitable for children from 3 years of age,BABY born,https://www.amazon.co.uk/dp/B0DKQXNBS2,Toys & Games,,35.14,37.53,6.0%,20326,71230,51,200,7,0,Y,3.54,6.17,9.71,22.84,2.59,11.3%,21.19,32.55,100%,Amazon,yes,4.6,110,8,Y,5,STRONG,N,-,MAYBE-ROI; AMAZON DOMINANT,AMAZON CHECK,KEEPA,4001167839072,,
B09J17B7X7,"Friday Night Dinner 1454 Jim 24cm Talking Plush, Interactive Free Standing Soft Toy, Age 15 Years+ (Recommended due to Language Content)",Friday Night Dinner,https://www.amazon.co.uk/dp/B09J17B7X7,Toys & Games,,23.98,24.56,2.0%,20676,11310,77,100,2,0,N,3.04,4.45,7.49,15.59,0.90,5.8%,13.74,23.08,0%,scificollectorshop (99%) / A1QCK4ONEKQVL,no,4.8,47,4,Y,5,AVERAGE,N,-,MAYBE-ROI,LOW SELLER CHECK,KEEPA,5055069718088,,
B0080EWI5S,Thomas & Friends Kids Ride On Toys for 1+ years Boys and Girls - Sit and Ride On Thomas the Tank Engine Toy with Steering Wheel - Easy Assembly Toddler Walker Toy - Outdoor and Indoor Push Along Car,THOMAS & FRIENDS,https://www.amazon.co.uk/dp/B0080EWI5S,Toys & Games,,31.48,30.61,-3.0%,20876,15530,58,100,4,0,N,5.10,5.61,10.71,20.46,0.31,1.5%,17.31,31.17,31%,Booghe Toys - ( Fast Dispatch ) (92%) / ,no,4.2,1057,4,N,3,AVERAGE,N,-,MAYBE-ROI,,KEEPA,"5017915707608, 5017915707615, 5054242373212",,"05017915707608, 05017915707615"
B0C2Z32FCB,"The Army Painter, Speedpaint 2.0 Starter Set, Beginner Paint Set, 10 x 18 ml Acrylic Contrast Paints incl. 1 Free Basecoating Brush for DnD and Warhammer Figures",The Army Painter,https://www.amazon.co.uk/dp/B0C2Z32FCB,Toys & Games,,33.36,34.54,3.0%,13217,13507,75,100,13,0,N,2.72,5.90,8.62,21.68,3.06,14.1%,20.62,30.30,0%,The Army Painter (96%) / A11OV3D7SUQB0C,yes,4.6,704,8,Y,5,STRONG,Y,-,MAYBE-ROI,,KEEPA,5713799805903,,05713799805903
B0CVSM9GT9,"Aphmau MeeMeows 11” Classic Mystery Plush, Safari Plush Mystery Box, Blind Box, 1 of 4 Possible Safari MeeMeows, Official Merch, Styles May Vary",Aphmau,https://www.amazon.co.uk/dp/B0CVSM9GT9,Toys & Games,,20.00,19.78,-1.0%,21318,10011,140,100,4,0,Y,3.54,3.84,7.38,13.00,-0.38,-2.9%,10.52,20.38,99%,Amazon,yes,4.7,118,9,Y,5,STRONG,N,-,MAYBE-ROI; AMAZON DOMINANT,AMAZON CHECK,KEEPA,0810054664864,810054664864,00810054664864
B09MHV9NF1,200 Conversation Cards - Help Kids Enjoy Talking and Listening - Great for Car Rides and Family Dinners - A New Way for Kids to Express Themselves,TALKING POINT CARDS,https://www.amazon.co.uk/dp/B09MHV9NF1,Toys & Games,,24.97,24.97,0.0%,21496,18199,44,100,2,0,N,3.00,4.61,7.61,16.23,1.13,7.0%,14.47,23.84,0%,Talking Point Cards (100%) / ACCOCKJFL9F,yes,4.7,999,6,Y,5,STRONG,Y,-,MAYBE-ROI,LOW SELLER CHECK,KEEPA,9358053000050,,09358053000050
B0D7PTFJJR,"Mattel WWE Superstar Ring with Labels for Main Event & RAW, Spring-Loaded Mat & Pro Tension Elastic Ropes, JDJ20",WWE,https://www.amazon.co.uk/dp/B0D7PTFJJR,Toys & Games,,28.33,25.75,-10.0%,22106,40615,76,100,13,0,N,3.48,5.12,8.60,18.41,1.31,7.1%,16.44,27.02,32%,Kiddimax - Free Next Day Delivery (90%) ,no,4.7,667,4,Y,5,AVERAGE,N,-,MAYBE-ROI,PRICE CHECK,KEEPA,0194735285099,194735285099,00194735285099
B0DQY5SCP9,"Barbie Dream Pool Playset with 6 Play Areas, Including Slide & Bubbling Hot Tub, Plus 20+ Accessories Like Pet, Floaties & More, JKG83",Barbie,https://www.amazon.co.uk/dp/B0DQY5SCP9,Toys & Games,,50.62,45.18,-12.0%,22630,13880,85,100,13,0,Y,5.10,8.56,13.66,32.90,4.05,12.3%,30.80,46.57,76%,Amazon,yes,4.7,707,6,Y,5,STRONG,N,-,MAYBE-ROI; AMAZON DOMINANT,PRICE CHECK; AMAZON CHECK,KEEPA,0194735349623,194735349623,
B0DPJK3PRF,Stonemaier Games | Finspan | Board Game | Ages 10+ | 1-5 Players | 45-60 Minutes Playing Time,Stonemaier Games,https://www.amazon.co.uk/dp/B0DPJK3PRF,Toys & Games,,37.30,37.91,2.0%,22653,16433,85,100,7,0,Y,3.49,6.51,10.00,24.24,3.05,12.6%,22.75,34.25,96%,Amazon,yes,4.8,162,9,Y,5,STRONG,N,-,MAYBE-ROI; AMAZON DOMINANT,AMAZON CHECK,KEEPA,0850032180931,850032180931,00850032180931
B0D1GF4VXX,"Jelly Blox Vehicle Kit - Includes 35 Blocks - Toddler & Preschool Building Blocks Kids Can Squeeze, Stretch, Squish - Safety Tested & Ouch-Free - Tactile, Sensory Play Toy for Ages 2 Plus",Goliath,https://www.amazon.co.uk/dp/B0D1GF4VXX,Toys & Games,,29.27,31.23,6.0%,23382,10198,132,100,14,0,Y,3.48,5.27,8.75,19.03,1.50,7.9%,17.10,27.77,78%,Amazon,yes,4.6,215,9,Y,5,STRONG,N,-,MAYBE-ROI; AMAZON DOMINANT,AMAZON CHECK,KEEPA,8720077316942,,08720077316942
B0DT44NLVM,"Magnetopia Magnetic Blocks - 150PCS Magnetic Building Blocks Cubes Adventurer, Magnet Toys for Kids Stacking Construction Birthday Gifts for Boys Girls Age 4-8, 8-12",Magnetopia,https://www.amazon.co.uk/dp/B0DT44NLVM,Toys & Games,,24.99,26.68,6.0%,23638,11195,94,100,3,0,N,2.72,3.64,6.36,16.24,2.39,14.7%,15.52,22.60,0%,WITCH FEVER LTD (100%) / A3JG7TWWN2REQ7,yes,4.8,35,6,Y,5,STRONG,N,-,MAYBE-ROI,,KEEPA,0702291184956,702291184956,
B07F454YF3,"Leder Games, Root: A Game of Woodland Might and Right, Board Game, Ages 10plus, 2 - 4 Players, 60 - 90 Minute Playing Time",Leder Games,https://www.amazon.co.uk/dp/B07F454YF3,Toys & Games,,51.70,42.91,-20.0%,25306,7904,101,100,11,0,Y,3.27,8.74,12.01,33.61,6.09,18.1%,33.08,45.61,85%,CHAOS CARDS (100%) / A3UMBU4T3BL276,no,4.6,2106,8,Y,5,STRONG,N,-,MAYBE-ROI; AMAZON DOMINANT,PRICE CHECK; AMAZON CHECK,KEEPA,0602573655900,602573655900,00602573655900
B0DDYZX1TB,Pokémon TCG: Scarlet & Violet - Surging Sparks Booster Bundle,Pokémon,https://www.amazon.co.uk/dp/B0DDYZX1TB,Toys & Games,,63.99,65.28,2.0%,26049,27412,73,100,15,0,N,2.72,10.63,13.35,41.59,9.05,21.8%,42.20,54.94,0%,AOT Group Products (0%) / AHCRKKIQAHWP3,yes,4.2,918,6,N,4,AVERAGE,N,-,,,KEEPA,0820650859915,820650859915,
B0FT73SNK1,"TYCOLE Flowers Bouquet Building Set - Purple Roses Botanical Collection Building Blocks for Adult Women, Artificial Flowers Gothic Home Decor Christmas Birthday Gift for Adults Kids Girls 6-12",TYCOLE,https://www.amazon.co.uk/dp/B0FT73SNK1,Toys & Games,,25.99,29.92,13.0%,26750,32485,63,100,2,0,N,3.04,4.76,7.80,16.89,1.29,7.6%,15.15,24.70,0%,TaiGaoLe Toys (82%) / A2N79BL4BF4OIJ,yes,4.4,32,7,Y,5,STRONG,N,-,MAYBE-ROI,LOW SELLER CHECK,KEEPA,,,
B0F2YZJQHL,"TYCOLE Vintage Pendulum Clock Building Block Set, Stem Toy with Real Clock Function and Linkable Mechanical Pendulum, Unique Home Decoration and Collectible for Adults&Kids 6+",TYCOLE,https://www.amazon.co.uk/dp/B0F2YZJQHL,Toys & Games,,29.99,33.57,11.0%,27724,11725,64,100,2,0,N,3.05,5.38,8.43,19.49,2.06,10.6%,17.96,27.93,0%,TaiGaoLe Toys (82%) / A2N79BL4BF4OIJ,yes,4.2,185,7,Y,5,STRONG,N,-,MAYBE-ROI,LOW SELLER CHECK,KEEPA,,,
B0CGS363W3,"Magna-Tiles Downhill Duo 40-Piece Set, Black",Magna-Tiles,https://www.amazon.co.uk/dp/B0CGS363W3,Toys & Games,,69.99,74.38,6.0%,28689,43238,72,100,7,0,Y,3.48,11.55,15.03,45.49,9.46,20.8%,45.80,60.53,37%,Amazon,yes,4.7,894,7,N,4,AVERAGE,N,-,,AMAZON CHECK,KEEPA,"0008500251762, 0850025176231","008500251762, 850025176231",00850025176231
B0BV2HWGPB,"Hornby R7322 HM7000-21TXS: Bluetooth® & DCC Sound Decoder (21-pin) - Hornby Accessories for 00 Gauge Track & Train Sets - Compatible with Select Hornby Model Trains, White",Hornby,https://www.amazon.co.uk/dp/B0BV2HWGPB,Toys & Games,,62.99,60.12,-5.0%,28714,19169,97,100,6,0,Y,2.08,10.47,12.55,40.94,9.49,23.2%,42.03,53.50,68%,Jadlam Toys & Models (91%) / A1B1VEBCSCJ,no,4.5,102,7,Y,5,STRONG,N,-,,AMAZON CHECK,KEEPA,5055286692802,,
B0DKLBHSR4,"Star Wars The Vintage Collection Landspeeder & Luke Skywalker, Star Wars: A New Hope 9.5-cm Action Figure & Vehicle",Star Wars,https://www.amazon.co.uk/dp/B0DKLBHSR4,Toys & Games,,53.99,48.86,-10.0%,30241,24858,93,100,9,0,Y,3.05,9.08,12.13,35.09,6.76,19.3%,34.88,47.23,96%,Amazon,yes,4.7,149,11,N,4,AVERAGE,N,-,MAYBE-ROI; AMAZON DOMINANT,PRICE CHECK; AMAZON CHECK,KEEPA,5010996307705,,
B0DJPHJ7GD,Ravensburger Disney Lorcana Trading Card Game for Adults and Kids Age 8 Years Up - Illumineer's Trove - Set 6: Azurite Sea - Collectable TCG,Ravensburger,https://www.amazon.co.uk/dp/B0DJPHJ7GD,Toys & Games,,42.65,35.59,-20.0%,31080,11865,104,100,12,0,Y,3.04,7.34,10.38,27.72,4.55,16.4%,26.89,38.10,79%,Mad-4-Toys Ltd (85%) / A2F06GBNBBVT5Q,no,4.7,230,7,Y,5,STRONG,N,-,MAYBE-ROI; AMAZON DOMINANT,PRICE CHECK; AMAZON CHECK,KEEPA,4050368984326,,
B0DX7FJ2D5,"The House of Puzzles Tales From The Tavern Jigsaw Set - 4 x 500 Piece Jigsaws For Adults, Multi Puzzle Pack, Artist Illustrated, Deluxe Puzzle Gifts, Sustainably Made",The House of Puzzles,https://www.amazon.co.uk/dp/B0DX7FJ2D5,Toys & Games,,26.99,25.52,-6.0%,22265,94072,32,100,2,0,N,3.48,4.92,8.40,17.54,1.05,6.0%,15.49,25.94,0%,Bigjigs Toys (89%) / A2F7H5XWMN77FR,no,5.0,34,8,Y,5,STRONG,N,-,MAYBE-ROI,LOW SELLER CHECK,KEEPA,5060002007716,,
B0DN6S7FNT,"Marvel Legends Series X-Men Deathbird & Marvel’s Gladiator Action Figure Two-Pack, Purple",Marvel,https://www.amazon.co.uk/dp/B0DN6S7FNT,Toys & Games,,42.49,47.38,10.0%,32813,91993,39,100,6,0,Y,3.04,7.30,10.34,27.62,4.53,16.4%,26.79,37.96,39%,Amazon,yes,4.8,154,8,N,4,AVERAGE,N,-,MAYBE-ROI,AMAZON CHECK,KEEPA,5010996282866,,
B0DYK1N5G9,Funko POP! Town: Stranger Things Season 5 -Rockin' Robin with The Squawk - Collectable Vinyl Figure - Gift Idea - Official Merchandise - Toys for Kids & Adults - Fantasy Fans,Funko,https://www.amazon.co.uk/dp/B0DYK1N5G9,Toys & Games,,34.99,35.00,0.0%,36551,7980,148,100,7,0,Y,3.49,6.15,9.64,22.74,2.61,11.5%,21.12,32.38,62%,Booghe Toys - ( Fast Dispatch ) (92%) / ,no,4.6,123,2,Y,5,AVERAGE,N,-,MAYBE-ROI,AMAZON CHECK,KEEPA,0889698866200,889698866200,
B0BSHRYPFB,"Thames & Kosmos EXIT: Advent Calendar - The Silent Storm, Escape Room Card Game, Family Games for Game Night, Holiday Season Games for Adults and Kids, For 1+ Players, Ages 10+",Thames & Kosmos,https://www.amazon.co.uk/dp/B0BSHRYPFB,Toys & Games,,29.10,27.60,-5.0%,41875,25564,98,100,10,0,Y,3.71,5.25,8.96,18.92,1.23,6.5%,16.79,27.87,95%,Sulay Mart (93%) / A1WQZ4WPOXR8AR,yes,4.5,603,7,Y,5,STRONG,N,-,MAYBE-ROI; AMAZON DOMINANT,AMAZON CHECK,KEEPA,5060282511552,,05060282511552
B0DQ5M4K87,Me to You Tatty Teddy Cute Plush 'Love You To The Moon And Back' Bear 19cm-High Presented On Premium Gift Plinth - Signature Collection,Me To You Bear,https://www.amazon.co.uk/dp/B0DQ5M4K87,Toys & Games,,23.99,21.46,-12.0%,49738,27690,73,100,6,0,Y,3.49,4.46,7.95,15.59,0.45,2.9%,13.37,23.54,95%,Amazon,yes,5.0,14,1,Y,5,AVERAGE,N,-,MAYBE-ROI; AMAZON DOMINANT,PRICE CHECK; AMAZON CHECK,KEEPA,5059105314739,,
