ASIN,Title,Brand,Amazon URL,Category,Weight Flag,Current Price,Buy Box 90d Avg,Price Drop % 90d,BSR Current,BSR 90d Avg,BSR Drops 90d,Bought per Month,FBA Seller Count,FBA Seller 90d Avg,Amazon on Listing,Fulfilment Fee,Amazon Fees,Total Amazon Fees,Est Cost 65%,Est Profit,Est ROI %,Max Cost 20% ROI,Breakeven Price,Buy Box Amazon %,BB Seller,BB Is FBA,Star Rating,Review Count,Image Count,Has A+ Content,Bullet Count,Listing Quality,Brand 1P,Gated,SAS Flags,Pre-filter Flags,Data Source,EAN,UPC,GTIN,Demand Score,Stability Score,Competition Score,Margin Score,Composite Score,Cash Flow Score,Profit Score,Balanced Score,Opportunity Lane,Commercial Priority,Monthly Gross Profit,Price Compression,Lane Reason,Verdict,Verdict Reason
B09MTS97QP,Wilson US Open Extra Duty Official Tennis Balls - 6 Sealed Tubes of 4 Balls,Wilson,https://www.amazon.co.uk/dp/B09MTS97QP,Sports & Outdoors,OK,49.99,56.00,11.0%,10986,32368,72,50,8,3,N,3.49,8.47,11.96,32.49,5.54,17.0%,31.69,44.45,0%,AP Keshav (89%) / A2CNJRU5K9YJDU,no,4.7,43,3,N,3,WEAK,N,-,MAYBE-ROI,,KEEPA,0887768484736,887768484736,,10,10,4,1,7,8.7,5.7,8,BALANCED,1,797.80,SQUEEZED,BALANCED | GBP797.80/mo | 144/mo | GBP5.54 unit profit | SQUEEZED | 8 sellers,MAYBE,BALANCED | 144/mo | GBP5.54 profit | GBP797.80 monthly gross | SQUEEZED | 8 sellers
B09TG4W776,Yonex Arcsaber 11 Play Badminton Pre-Strung Racket (Grayish Pearl) (4UG5),YONEX,https://www.amazon.co.uk/dp/B09TG4W776,Sports & Outdoors,OK,49.99,48.49,-3.0%,14280,11572,78,100,8,9,N,4.50,8.47,12.97,32.49,4.53,13.9%,30.85,45.46,0%,Javi Creations (100%) / A382Y8GGK7KC97,yes,4.1,463,4,N,3,AVERAGE,N,-,MAYBE-ROI,,KEEPA,0008235650120,008235650120,,10,8,6,1,6.8,9,5.2,8.1,BALANCED,1,706.70,OK,BALANCED | GBP706.70/mo | 156/mo | GBP4.53 unit profit | stable | 8 sellers,MAYBE-ROI,BALANCED | 156/mo | GBP4.53 profit | GBP706.70 monthly gross | stable | 8 sellers
B0CYMS1TKX,FORB Chip and Stick Golf Game | Indoor and Outdoor Chipping Mat - Golfing Fun for All the Family [3 Sizes] (Large (120cm x 180cm)),FORB,https://www.amazon.co.uk/dp/B0CYMS1TKX,Sports & Outdoors,HEAVY,37.99,42.94,12.0%,70366,36341,31,0,2,2,N,0.00,6.62,6.62,24.69,6.68,27.0%,26.14,31.31,0%,Net World Sports (65%) / A2U6UUBP4GOB5A,no,4.0,29,4,Y,5,AVERAGE,N,-,,LOW SELLER CHECK,KEEPA,5059706520782,,,4,10,10,4,7,9,7.8,8.6,BALANCED,1,414.20,SQUEEZED,BALANCED | GBP414.20/mo | 62/mo | GBP6.68 unit profit | SQUEEZED | 2 sellers,MAYBE,BALANCED | 62/mo | GBP6.68 profit | GBP414.20 monthly gross | SQUEEZED | 2 sellers
B07T98XV91,"STIGA Prestige 5-Star Table Tennis Racket – Professional High-Speed Ping Pong Paddle with ITTF-Approved Rubber, 2.0mm Sponge, and WRB Technology – Comfortable Grip, Black / Red",STIGA,https://www.amazon.co.uk/dp/B07T98XV91,Sports & Outdoors,OK,55.70,64.25,13.0%,27192,56411,23,0,4,4,Y,2.72,9.35,12.07,36.21,7.42,20.5%,36.36,48.28,29%,Amazon,yes,4.4,196,7,Y,5,STRONG,N,-,,AMAZON CHECK,KEEPA,7318688027688,,07318688027688,9,10,7,3,7.7,8.2,6.9,8,BALANCED,1,341.30,SQUEEZED,BALANCED | GBP341.30/mo | 46/mo | GBP7.42 unit profit | SQUEEZED | 4 sellers,MAYBE,BALANCED | 46/mo | GBP7.42 profit | GBP341.30 monthly gross | SQUEEZED | 4 sellers
B0DYVQC2V2,"FORZA Sport Umbrellas | 60"" Double Layered Canopy With a Locking Button For Instant Opening (FORZA Yellow Umberella, Pack of 5)",FORZA,https://www.amazon.co.uk/dp/B0DYVQC2V2,Sports & Outdoors,OK,53.99,58.96,8.0%,11639,5754,15,0,2,2,N,0.00,9.09,9.09,35.09,9.81,27.9%,37.42,44.18,0%,Net World Sports (65%) / A2U6UUBP4GOB5A,no,4.6,570,5,N,4,AVERAGE,N,-,,LOW SELLER CHECK,KEEPA,5059706951708,,,10,10,10,6,9.2,8.7,8.6,8.8,BALANCED,1,294.30,OK,BALANCED | GBP294.30/mo | 30/mo | GBP9.81 unit profit | stable | 2 sellers,YES,BALANCED | 30/mo | GBP9.81 profit | GBP294.30 monthly gross | stable | 2 sellers
B0F8VN1PKD,"FORB Divot Board Golf Swing Mat – Real-Time Swing Path Trainer for Golfers | Portable Golf Training Aid for Home, Garden, or Range Practice | Durable, Non-Slip Base | Suitable for All Skill Levels",FORB,https://www.amazon.co.uk/dp/B0F8VN1PKD,Sports & Outdoors,OK,29.99,32.39,7.0%,37816,30553,27,0,2,2,N,0.00,5.38,5.38,19.49,5.11,26.2%,20.51,24.88,0%,Net World Sports (65%) / A2U6UUBP4GOB5A,no,5.0,7,6,Y,5,STRONG,N,-,,LOW SELLER CHECK,KEEPA,5063745029816,,,8,10,9,5,8.2,9,7.9,8.5,BALANCED,1,275.90,OK,BALANCED | GBP275.90/mo | 54/mo | GBP5.11 unit profit | stable | 2 sellers,MAYBE,BALANCED | 54/mo | GBP5.11 profit | GBP275.90 monthly gross | stable | 2 sellers
B0CRZ8JWGH,"Team Butterfly Champion Table Tennis Bat, Professional Table Tennis Bat for Advanced and Experienced Players, ITTF Approved for Competitions",Butterfly,https://www.amazon.co.uk/dp/B0CRZ8JWGH,Sports & Outdoors,OK,39.99,39.51,-1.0%,21351,18469,21,0,4,4,Y,2.10,6.92,9.02,25.99,4.97,19.1%,25.81,35.02,0%,Sports Advisor (0%) / A155GLL35DUT4F,no,4.5,303,7,Y,5,STRONG,N,-,MAYBE-ROI,AMAZON CHECK,KEEPA,4255906900367,,44906901011135,9,8,7,1,6.7,8.3,5.9,7.9,BALANCED,1,208.70,OK,BALANCED | GBP208.70/mo | 42/mo | GBP4.97 unit profit | stable | 4 sellers,MAYBE-ROI,BALANCED | 42/mo | GBP4.97 profit | GBP208.70 monthly gross | stable | 4 sellers
B07L19GFPT,"STIGA Royal WRB 3-Star Table Tennis Bat - ITTF Approved, Offensive Bat with WRB System, 5-Ply Blade, 2.0 mm Sponge, Enhanced Speed, Control, and Spin for Skill Development and Game Improvement",STIGA,https://www.amazon.co.uk/dp/B07L19GFPT,Sports & Outdoors,OK,39.91,39.44,-1.0%,20666,14794,77,50,2,2,Y,2.72,6.91,9.63,25.94,4.33,16.7%,25.23,35.58,98%,Amazon,yes,4.4,394,9,Y,5,STRONG,N,-,MAYBE-ROI; AMAZON DOMINANT,AMAZON CHECK; LOW SELLER CHECK,KEEPA,7318688025356,,07318688025356,9,8,7,1,6.7,7.9,5.3,6.9,CASH FLOW,1,666.80,OK,CASH FLOW | GBP666.80/mo | 154/mo | GBP4.33 unit profit | stable | 2 sellers,MAYBE-ROI,CASH FLOW | 154/mo | GBP4.33 profit | GBP666.80 monthly gross | stable | 2 sellers
B07TB9Y1BD,"STIGA Vision 4-Star Table Tennis Bat, Black/Red",STIGA,https://www.amazon.co.uk/dp/B07TB9Y1BD,Sports & Outdoors,OK,53.78,55.25,3.0%,29324,26648,47,0,2,2,Y,2.72,9.05,11.77,34.96,7.05,20.2%,35.01,46.73,99%,Amazon,yes,4.5,110,7,Y,5,STRONG,N,-,AMAZON DOMINANT,AMAZON CHECK; LOW SELLER CHECK,KEEPA,7318688027664,,07318688027664,9,10,7,3,7.7,8.2,7.1,7.7,CASH FLOW,1,662.70,OK,CASH FLOW | GBP662.70/mo | 94/mo | GBP7.05 unit profit | stable | 2 sellers,MAYBE,CASH FLOW | 94/mo | GBP7.05 profit | GBP662.70 monthly gross | stable | 2 sellers
B09QF6DYH3,"Titleist StaDry Performance Golf Towel, Black",Titleist,https://www.amazon.co.uk/dp/B09QF6DYH3,Sports & Outdoors,OK,40.00,40.00,0.0%,16988,31816,44,0,2,2,Y,2.91,6.92,9.83,26.00,4.17,16.0%,25.14,35.83,100%,Amazon,yes,4.4,87,2,Y,5,AVERAGE,N,-,MAYBE-ROI; AMAZON DOMINANT,AMAZON CHECK; LOW SELLER CHECK,KEEPA,0706843064277,706843064277,,10,10,7,1,7.6,8.1,5.5,7,CASH FLOW,1,367.00,OK,CASH FLOW | GBP367.00/mo | 88/mo | GBP4.17 unit profit | stable | 2 sellers,MAYBE,CASH FLOW | 88/mo | GBP4.17 profit | GBP367.00 monthly gross | stable | 2 sellers
B09H3DLLRZ,Fulton Titan 1 Black Golf Umbrella,Fulton,https://www.amazon.co.uk/dp/B09H3DLLRZ,Sports & Outdoors,OK,35.17,36.19,3.0%,21937,11411,97,50,5,5,Y,4.50,6.18,10.68,22.86,1.63,7.1%,20.41,33.54,80%,Venture Blue (95%) / A2UKPY8E9GO47,yes,4.3,84,10,Y,5,STRONG,N,-,MAYBE-ROI; AMAZON DOMINANT,AMAZON CHECK,KEEPA,5020815039878,,,9,10,4,0,6.5,7.7,2.5,5.8,CASH FLOW,1,316.20,OK,CASH FLOW | GBP316.20/mo | 194/mo | GBP1.63 unit profit | stable | 5 sellers,MAYBE-ROI,CASH FLOW | 194/mo | GBP1.63 profit | GBP316.20 monthly gross | stable | 5 sellers
B0F5BG54SM,"STIGA Trinity V2 Table Tennis Bat – 3-Star Blade, ITTF-Approved Rubber, Ergonomic Grip – For Offensive Players",STIGA,https://www.amazon.co.uk/dp/B0F5BG54SM,Sports & Outdoors,OK,36.44,35.18,-4.0%,47227,35141,34,0,2,2,Y,2.72,6.38,9.10,23.69,3.66,15.4%,22.78,32.78,3%,Amazon EU (0%) / A30DC7701CXIBH,no,4.2,24,8,Y,5,STRONG,N,-,MAYBE-ROI,AMAZON CHECK; LOW SELLER CHECK,KEEPA,7318688041875,,,7,8,10,1,6.7,9,5.9,8,CASH FLOW,1,248.90,OK,CASH FLOW | GBP248.90/mo | 68/mo | GBP3.66 unit profit | stable | 2 sellers,MAYBE-ROI,CASH FLOW | 68/mo | GBP3.66 profit | GBP248.90 monthly gross | stable | 2 sellers
B072JWP75B,"Tibhar DHS Hurricane 3 Neo Table Tennis rubber (Black),2.15 mm",Tibhar,https://www.amazon.co.uk/dp/B072JWP75B,Sports & Outdoors,OK,26.99,26.68,-1.0%,23886,27837,46,0,3,2,N,2.06,4.92,6.98,17.54,2.47,14.1%,16.68,24.52,0%,Bribar Table Tennis (97%) / AYLM5NL9BXMP,yes,4.2,67,1,N,3,WEAK,N,-,MAYBE-ROI,,KEEPA,6901295073950,,,9,8,9,0,6.9,9.3,4.3,7.6,CASH FLOW,1,227.20,OK,CASH FLOW | GBP227.20/mo | 92/mo | GBP2.47 unit profit | stable | 3 sellers,BRAND APPROACH,CASH FLOW | 92/mo | GBP2.47 profit | GBP227.20 monthly gross | stable | 3 sellers
B003VRN56A,JOOLA Carbon Pro – Offensive Table Tennis Bat with 4YOU Rubber & Carbon Speed Technology,JOOLA,https://www.amazon.co.uk/dp/B003VRN56A,Sports & Outdoors,OK,26.90,27.17,1.0%,27231,24980,60,0,5,5,Y,2.72,4.91,7.63,17.48,1.79,10.2%,16.06,25.11,0%,Joola Tischtennis GmbH (100%) / A54MA695,yes,4.4,2917,7,N,4,AVERAGE,Y,-,MAYBE-ROI,AMAZON CHECK,KEEPA,"0002560541955, 0744288643954, 0772259200271, 0797770206762, 4002560541951, 4050572028144, 5468886183685","002560541955, 744288643954, 772259200271, 797770206762",04002560541951,10,10,5,0,7,7.8,3.5,6,CASH FLOW,1,214.80,OK,CASH FLOW | GBP214.80/mo | 120/mo | GBP1.79 unit profit | stable | 5 sellers,MAYBE,CASH FLOW | 120/mo | GBP1.79 profit | GBP214.80 monthly gross | stable | 5 sellers
B00RZTV5B2,"Wilson Tour Slam Adult Recreational Tennis Racket - Grip Size 3-4 3/8"", Grey/Green",Wilson,https://www.amazon.co.uk/dp/B00RZTV5B2,Sports & Outdoors,OK,39.95,39.95,0.0%,32633,28449,42,0,4,5,N,4.65,6.91,11.56,25.97,2.42,9.3%,23.66,37.53,0%,Racketworld (85%) / A2U69NIMV1A46Q,yes,4.6,3241,6,N,4,AVERAGE,N,-,MAYBE-ROI,,KEEPA,0887768295523,887768295523,00887768295523,9,10,8,0,7.3,9.4,3.6,7.5,CASH FLOW,1,203.30,OK,CASH FLOW | GBP203.30/mo | 84/mo | GBP2.42 unit profit | stable | 4 sellers,MAYBE,CASH FLOW | 84/mo | GBP2.42 profit | GBP203.30 monthly gross | stable | 4 sellers
B0DK6YZMN1,"MAZEL Golf Stand Bag 2 Way Divider 2 Pockets,Adjustable Shoulder Straps,Superior 900D Nylon Lightweight Material Pencil Golf Bag for Men Women (Blue)",MAZEL,https://www.amazon.co.uk/dp/B0DK6YZMN1,Sports & Outdoors,OK,49.99,52.98,6.0%,47233,33906,22,0,2,2,N,4.65,8.47,13.12,32.49,4.38,13.5%,30.73,45.61,0%,World Golf (100%) / A3DEV36K5Z1RQV,yes,4.2,36,6,Y,5,STRONG,N,-,MAYBE-ROI,LOW SELLER CHECK,KEEPA,,,,7,10,10,1,7.3,8.9,5.1,7.8,BALANCED,2,192.70,OK,BALANCED | GBP192.70/mo | 44/mo | GBP4.38 unit profit | stable | 2 sellers,MAYBE,BALANCED | 44/mo | GBP4.38 profit | GBP192.70 monthly gross | stable | 2 sellers
B0DTYNKGW8,"Ben Sayers LTE 6"" Pencil Golf Stand Bag | Lightweight Golf Clubs Carry Bag with Dual Shoulder Strap and Lumbar Padding | (Black/Red)",Ben Sayers,https://www.amazon.co.uk/dp/B0DTYNKGW8,Sports & Outdoors,OK,54.95,56.10,2.0%,12794,24002,24,0,5,5,Y,6.00,9.23,15.23,35.72,4.00,11.2%,33.10,50.95,7%,Esc Europe Ltd (77%) / A3NLGKQTQLZ6GL,no,4.6,17,9,N,4,AVERAGE,N,-,MAYBE-ROI,AMAZON CHECK,KEEPA,5017915024071,,,10,10,6,1,7.4,8.4,4.9,7.6,BALANCED,2,192.00,OK,BALANCED | GBP192.00/mo | 48/mo | GBP4.00 unit profit | stable | 5 sellers,MAYBE,BALANCED | 48/mo | GBP4.00 profit | GBP192.00 monthly gross | stable | 5 sellers
B0CSKCMTW5,"Butterfly Ovtcharov Expert Table Tennis Bat, Professional Table Tennis Bat for Advanced & Competition Players, ITTF Approved for Competitions, Extremely Grippy/Sticky Pads for Maximum Spin",Butterfly,https://www.amazon.co.uk/dp/B0CSKCMTW5,Sports & Outdoors,OK,40.66,41.41,2.0%,20172,42470,22,0,3,2,Y,2.94,7.03,9.97,26.43,4.27,16.1%,25.58,36.39,0%,Amazon EU (0%) / A30DC7701CXIBH,no,4.3,70,7,Y,5,STRONG,N,-,MAYBE-ROI,AMAZON CHECK,KEEPA,4255906900398,,44906901011128,9,10,9,1,7.7,8.8,5.9,7.9,BALANCED,2,187.90,OK,BALANCED | GBP187.90/mo | 44/mo | GBP4.27 unit profit | stable | 3 sellers,MAYBE,BALANCED | 44/mo | GBP4.27 profit | GBP187.90 monthly gross | stable | 3 sellers
B083Y29SDG,Babolat GOLD ALL COURT TENNIS BALLS - 1 DOZEN,Babolat,https://www.amazon.co.uk/dp/B083Y29SDG,Sports & Outdoors,OK,24.95,23.84,-5.0%,14823,59765,19,0,2,1,N,0.00,4.60,4.60,16.22,4.13,25.5%,16.96,20.82,0%,Racquet Depot UK (88%) / A2XJF6955O5VGL,no,4.7,15,2,N,3,WEAK,N,-,,LOW SELLER CHECK,KEEPA,3324921794303,,,10,8,8,5,8,8.2,7.2,7.8,BALANCED,2,156.90,OK,BALANCED | GBP156.90/mo | 38/mo | GBP4.13 unit profit | stable | 2 sellers,BRAND APPROACH,BALANCED | 38/mo | GBP4.13 profit | GBP156.90 monthly gross | stable | 2 sellers
B01H3S1L6S,Conwy Kayak Folding Kayak Trolley Cart K1 60kg Load Puncture Proof Flat Free Wheels for Canadian Canoe SUP Paddle Board Transport Carry Accessories,Conwy Kayak,https://www.amazon.co.uk/dp/B01H3S1L6S,Sports & Outdoors,OK,44.99,44.99,0.0%,26618,53448,19,0,3,3,N,5.55,6.77,12.32,29.24,3.43,11.7%,27.23,41.56,0%,Stands Out Ltd (94%) / A1GHPIEN6Z32NM,no,4.1,471,7,Y,5,STRONG,N,-,MAYBE-ROI,,KEEPA,5060183750760,,,9,10,9,1,7.7,8.4,5,7.5,BALANCED,2,130.30,OK,BALANCED | GBP130.30/mo | 38/mo | GBP3.43 unit profit | stable | 3 sellers,MAYBE,BALANCED | 38/mo | GBP3.43 profit | GBP130.30 monthly gross | stable | 3 sellers
B0D4M229LM,YONEX Graphite Badminton Racquet Astrox 88 Play Black Silver G5 4U,YONEX,https://www.amazon.co.uk/dp/B0D4M229LM,Sports & Outdoors,OK,53.99,63.19,15.0%,32349,84756,12,0,2,2,N,4.50,9.08,13.58,35.09,5.31,15.1%,33.67,48.68,0%,Pappy Mart (72%) / A25PZFC4F8HGHQ,no,4.0,50,1,N,3,WEAK,N,-,MAYBE-ROI,LOW SELLER CHECK,KEEPA,8903224402440,,,7,10,10,1,7.3,7.7,5.7,7.3,BALANCED,2,127.40,SQUEEZED,BALANCED | GBP127.40/mo | 24/mo | GBP5.31 unit profit | SQUEEZED | 2 sellers,BRAND APPROACH,BALANCED | 24/mo | GBP5.31 profit | GBP127.40 monthly gross | SQUEEZED | 2 sellers
B0GQGQN88N,"Lhysn Tennis Racket Storage Rack Stand, Tennis Racket Holder, Tennis Racquet Storage Rack, Tennis Racket Stand Durable and Storable, for Gymnasium Tennis Club (White)",Lhysn,https://www.amazon.co.uk/dp/B0GQGQN88N,Sports & Outdoors,OK,39.99,39.99,0.0%,25592,69395,0,0,2,2,N,3.54,6.92,10.46,25.99,3.53,13.6%,24.61,36.46,0%,JASPILLITE LIMITED (75%) / A1V2TEO0ENRAI,no,3.7,8,6,N,4,AVERAGE,N,-,MAYBE-ROI,LOW SELLER CHECK,KEEPA,,,,7,10,9,1,7.1,8.1,5,7.3,BALANCED,2,105.90,OK,BALANCED | GBP105.90/mo | 30/mo | GBP3.53 unit profit | stable | 2 sellers,MAYBE,BALANCED | 30/mo | GBP3.53 profit | GBP105.90 monthly gross | stable | 2 sellers
B0FVFDZMNX,adidas Racket Padel Control 3.2 Black,adidas,https://www.amazon.co.uk/dp/B0FVFDZMNX,Sports & Outdoors,OK,40.49,44.06,8.0%,27960,46296,30,0,2,2,N,3.93,7.00,10.93,26.32,3.25,12.3%,24.64,37.24,0%,Padelmarket (78%) / AJSZH7F91F49W,yes,4.5,2,4,N,3,AVERAGE,N,-,MAYBE-ROI,LOW SELLER CHECK,KEEPA,8435739407721,,,9,10,9,1,7.7,9.2,5.1,8,CASH FLOW,2,195.00,OK,CASH FLOW | GBP195.00/mo | 60/mo | GBP3.25 unit profit | stable | 2 sellers,MAYBE,CASH FLOW | 60/mo | GBP3.25 profit | GBP195.00 monthly gross | stable | 2 sellers
B0CD824C2J,YONEX Badminton KITBAG SUNR 23015 BT5 (Black Yellow),YONEX,https://www.amazon.co.uk/dp/B0CD824C2J,Sports & Outdoors,OK,44.49,43.85,-1.0%,34827,32788,29,0,3,3,N,4.65,7.61,12.26,28.92,3.31,11.4%,26.86,41.18,0%,Royal Exports1 (45%) / ACP5W2JDUOSGW,no,4.2,223,7,N,4,AVERAGE,N,-,MAYBE-ROI,,KEEPA,8903224370367,,,8,8,9,1,6.8,8.5,4.9,7.6,CASH FLOW,2,192.00,OK,CASH FLOW | GBP192.00/mo | 58/mo | GBP3.31 unit profit | stable | 3 sellers,MAYBE-ROI,CASH FLOW | 58/mo | GBP3.31 profit | GBP192.00 monthly gross | stable | 3 sellers
B00I14X9PU,"WILSON FBA_wrz601403 Advantage II Tennis Bag-Black/White, 2 Racquet",Wilson,https://www.amazon.co.uk/dp/B00I14X9PU,Sports & Outdoors,OK,39.95,39.45,-1.0%,15837,38864,38,0,5,5,N,4.65,6.91,11.56,25.97,2.42,9.3%,23.66,37.53,0%,Racketworld (85%) / A2U69NIMV1A46Q,yes,4.3,1701,5,Y,5,AVERAGE,N,-,MAYBE-ROI,,KEEPA,0887768172787,887768172787,00887768172787,10,8,7,0,6.8,8.6,3.2,7,CASH FLOW,2,183.90,OK,CASH FLOW | GBP183.90/mo | 76/mo | GBP2.42 unit profit | stable | 5 sellers,MAYBE-ROI,CASH FLOW | 76/mo | GBP2.42 profit | GBP183.90 monthly gross | stable | 5 sellers
B085QMVTBX,HEAD TOUR XT TENNIS BALL PREMIUM PERFORMANCE TENNIS BALLS,HEAD,https://www.amazon.co.uk/dp/B085QMVTBX,Sports & Outdoors,OK,29.95,26.17,-14.0%,16615,28868,48,0,2,3,N,3.26,5.37,8.63,19.47,1.85,9.5%,17.77,28.10,0%,Racquet Depot UK (88%) / A2XJF6955O5VGL,no,4.4,50,1,N,3,WEAK,N,-,MAYBE-ROI,PRICE CHECK; LOW SELLER CHECK,KEEPA,0072489709217,072489709217,,10,5,10,0,6.5,8.8,2.8,6.9,CASH FLOW,2,177.60,OK,CASH FLOW | GBP177.60/mo | 96/mo | GBP1.85 unit profit | stable | 2 sellers,BRAND APPROACH,CASH FLOW | 96/mo | GBP1.85 profit | GBP177.60 monthly gross | stable | 2 sellers
B07DSR141W,Andux 5pcs/Set Golf 460cc Driver Fairway Wood Club Head Covers Long Neck Black/Red,Andux,https://www.amazon.co.uk/dp/B07DSR141W,Sports & Outdoors,OK,33.99,33.99,0.0%,28872,58440,32,0,2,2,N,3.25,6.00,9.25,22.09,2.65,12.0%,20.62,31.34,0%,Andux Store (100%) / AI0DEM54106VN,yes,4.4,88,8,Y,5,STRONG,Y,-,MAYBE-ROI,LOW SELLER CHECK,KEEPA,0681385046892,681385046892,,9,10,8,0,7.3,7.8,3.9,6.2,CASH FLOW,2,169.60,OK,CASH FLOW | GBP169.60/mo | 64/mo | GBP2.65 unit profit | stable | 2 sellers,MAYBE,CASH FLOW | 64/mo | GBP2.65 profit | GBP169.60 monthly gross | stable | 2 sellers
B06XGNX9D9,"Callaway FT Launch Zone Golf Hitting Mat with Rubber Backing Golf Putting Mat, Green, 1' x 2'",Izzo,https://www.amazon.co.uk/dp/B06XGNX9D9,Sports & Outdoors,OK,44.60,51.29,13.0%,28747,32122,24,0,2,2,Y,4.65,7.63,12.28,28.99,3.33,11.5%,26.93,41.27,98%,Amazon,yes,4.4,2657,6,N,4,AVERAGE,N,-,MAYBE-ROI; AMAZON DOMINANT,AMAZON CHECK; LOW SELLER CHECK,KEEPA,0689769102479,689769102479,00689769102479,10,10,7,1,7.6,6.8,3.9,5.9,CASH FLOW,2,159.80,SQUEEZED,CASH FLOW | GBP159.80/mo | 48/mo | GBP3.33 unit profit | SQUEEZED | 2 sellers,MAYBE,CASH FLOW | 48/mo | GBP3.33 profit | GBP159.80 monthly gross | SQUEEZED | 2 sellers
B0DGXS1ZCB,"SPORTNOW 5M Portable Badminton Set, Height Adjustable Tennis Volleyball Net with 3 Shuttlecocks, 4 Rackets and with Carry Bag, Multi-Sports Badminton Net for Indoor Outdoor, Garden, Beach Games",SPORTNOW,https://www.amazon.co.uk/dp/B0DGXS1ZCB,Sports & Outdoors,HEAVY,39.96,39.51,-1.0%,20541,40674,39,0,2,1,Y,5.40,6.91,12.31,25.97,1.67,6.4%,23.04,38.29,47%,Amazon,yes,4.6,16,9,Y,5,STRONG,N,-,MAYBE-ROI,AMAZON CHECK; LOW SELLER CHECK,KEEPA,5056725596255,,,9,8,8,0,6.7,8.6,2.9,6.7,CASH FLOW,2,130.30,OK,CASH FLOW | GBP130.30/mo | 78/mo | GBP1.67 unit profit | stable | 2 sellers,MAYBE-ROI,CASH FLOW | 78/mo | GBP1.67 profit | GBP130.30 monthly gross | stable | 2 sellers
B08DKYPBBH,"Wilson Tour Slam Adults Tennis Racket - Grey/Green (Grip 3 (4 3/8""))",Wilson,https://www.amazon.co.uk/dp/B08DKYPBBH,Sports & Outdoors,OK,38.99,39.60,2.0%,30913,45036,29,0,2,2,N,4.65,6.77,11.42,25.34,2.23,8.8%,22.98,36.76,0%,ALLSMARTSHOP (82%) / A2R6IQO78Q3SXA,yes,4.4,48,2,N,3,WEAK,N,-,MAYBE-ROI,LOW SELLER CHECK,KEEPA,0887768724627,887768724627,,8,10,10,0,7.4,8.8,3.6,7.1,CASH FLOW,2,129.30,OK,CASH FLOW | GBP129.30/mo | 58/mo | GBP2.23 unit profit | stable | 2 sellers,BRAND APPROACH,CASH FLOW | 58/mo | GBP2.23 profit | GBP129.30 monthly gross | stable | 2 sellers
B01BOU7868,Wilson Advantage Team Triple Racket Bag - Red,Wilson,https://www.amazon.co.uk/dp/B01BOU7868,Sports & Outdoors,OK,39.95,41.10,3.0%,33554,33731,23,0,4,4,N,4.50,6.92,11.42,25.97,2.57,9.9%,23.78,37.38,0%,Racketworld (85%) / A2U69NIMV1A46Q,yes,4.4,1152,2,Y,5,AVERAGE,N,-,MAYBE-ROI,,KEEPA,0887768361334,887768361334,00887768361334,9,10,7,0,7.1,8.2,3.3,6.7,CASH FLOW,2,118.20,OK,CASH FLOW | GBP118.20/mo | 46/mo | GBP2.57 unit profit | stable | 4 sellers,MAYBE,CASH FLOW | 46/mo | GBP2.57 profit | GBP118.20 monthly gross | stable | 4 sellers
B0DFQBWF8X,Wilson POWER ULTRA 112 XL Tennis Racket 24PK Blue/White L2,Wilson,https://www.amazon.co.uk/dp/B0DFQBWF8X,Sports & Outdoors,OK,36.95,35.96,-3.0%,17001,37972,27,0,3,3,N,4.50,6.45,10.95,24.02,1.98,8.3%,21.67,34.97,0%,Racketworld (85%) / A2U69NIMV1A46Q,yes,4.3,8,6,N,4,AVERAGE,N,-,MAYBE-ROI,,KEEPA,0097512828031,097512828031,,10,8,8,0,7,8,2.9,6.4,CASH FLOW,2,106.90,OK,CASH FLOW | GBP106.90/mo | 54/mo | GBP1.98 unit profit | stable | 3 sellers,MAYBE,CASH FLOW | 54/mo | GBP1.98 profit | GBP106.90 monthly gross | stable | 3 sellers
B0DWTBDK55,Hy-Pro Table Tennis Set with Bats – Complete Ping Pong Set with 3 Star Table Tennis Balls and 4 Multi-ply Bats - Ideal Ping Pong Bat Kit with Portable Paddle Carry Case for Home or Outdoor Play,Hy-Pro,https://www.amazon.co.uk/dp/B0DWTBDK55,Sports & Outdoors,OK,26.60,26.87,1.0%,32468,24532,55,0,2,2,Y,3.49,4.86,8.35,17.29,0.96,5.6%,15.21,25.64,98%,Amazon,yes,4.5,46,7,Y,5,STRONG,N,-,MAYBE-ROI; AMAZON DOMINANT,AMAZON CHECK; LOW SELLER CHECK,KEEPA,5037970100411,,,8,10,7,0,6.8,7.7,2.3,5.4,CASH FLOW,2,105.60,OK,CASH FLOW | GBP105.60/mo | 110/mo | GBP0.96 unit profit | stable | 2 sellers,MAYBE-ROI,CASH FLOW | 110/mo | GBP0.96 profit | GBP105.60 monthly gross | stable | 2 sellers
B0FQK28Y6X,"Carlton Nanomax Pro Ti Badminton Set, 4 Player Set with Rackets, Carry Cover, Shuttles, Net & Posts for instant play.",Carlton,https://www.amazon.co.uk/dp/B0FQK28Y6X,Sports & Outdoors,OK,38.99,39.26,1.0%,55025,46962,23,0,2,2,N,4.65,6.77,11.42,25.34,2.23,8.8%,22.98,36.76,0%,Racketworld (85%) / A2U69NIMV1A46Q,no,5.0,1,1,N,3,WEAK,N,-,MAYBE-ROI,LOW SELLER CHECK,KEEPA,0045566810298,045566810298,,6,10,9,0,6.6,8.4,3.4,6.9,CASH FLOW,2,102.60,OK,CASH FLOW | GBP102.60/mo | 46/mo | GBP2.23 unit profit | stable | 2 sellers,BRAND APPROACH,CASH FLOW | 46/mo | GBP2.23 profit | GBP102.60 monthly gross | stable | 2 sellers
B083DWLRWD,"Vermont Training Tennis Balls – ITF Approved Mini Red (Stage 3), Pack of 12",Vermont,https://www.amazon.co.uk/dp/B083DWLRWD,Sports & Outdoors,OK,24.99,29.70,16.0%,11554,18957,12,0,2,2,N,0.00,4.61,4.61,16.24,4.14,25.5%,16.98,20.85,0%,Net World Sports (65%) / A2U6UUBP4GOB5A,no,4.2,124,8,Y,5,STRONG,N,-,,LOW SELLER CHECK,KEEPA,,,,9,10,10,5,8.7,7.6,6.9,7.1,BALANCED,3,99.40,SQUEEZED,BALANCED | GBP99.40/mo | 24/mo | GBP4.14 unit profit | SQUEEZED | 2 sellers,YES,BALANCED | 24/mo | GBP4.14 profit | GBP99.40 monthly gross | SQUEEZED | 2 sellers
B012WAQVYE,NITTAKU 3-stars Premium 40+ Table Tennis Ball (Pack of 12 balls),NITTAKU,https://www.amazon.co.uk/dp/B012WAQVYE,Sports & Outdoors,OK,32.47,36.64,11.0%,33344,63485,18,0,3,4,N,2.94,5.77,8.71,21.11,2.66,12.6%,19.80,29.81,0%,TT-Shop Ostalb (100%) / A3A3JFYFDU4GWG,no,4.6,895,7,N,4,AVERAGE,N,-,MAYBE-ROI,,KEEPA,"0644391996582, 4975984012683",644391996582,,9,10,10,0,7.7,7.7,3.9,6.4,BALANCED,3,95.80,SQUEEZED,BALANCED | GBP95.80/mo | 36/mo | GBP2.66 unit profit | SQUEEZED | 3 sellers,MAYBE,BALANCED | 36/mo | GBP2.66 profit | GBP95.80 monthly gross | SQUEEZED | 3 sellers
B0191ZAD92,FORB Launch Pad Golf Practice Mat – 2ft x 1ft Artificial Turf Hitting Mat – Includes Removable Rubber Tee – Durable Rubber Base – Ideal for Indoor & Outdoor Golf Practice,Nws,https://www.amazon.co.uk/dp/B0191ZAD92,Sports & Outdoors,HEAVY,29.99,36.23,17.0%,41407,83513,8,0,2,2,N,0.00,5.38,5.38,19.49,5.11,26.2%,20.51,24.88,0%,Net World Sports (65%) / A2U6UUBP4GOB5A,no,4.1,203,7,Y,5,STRONG,N,-,,LOW SELLER CHECK,KEEPA,5055984407241,,,6,10,10,4,7.6,7.3,7.2,7.2,BALANCED,3,81.80,SQUEEZED,BALANCED | GBP81.80/mo | 16/mo | GBP5.11 unit profit | SQUEEZED | 2 sellers,MAYBE,BALANCED | 16/mo | GBP5.11 profit | GBP81.80 monthly gross | SQUEEZED | 2 sellers
B079RH59WR,Vermont Classic Tour Tennis Balls - ITF Approved Woven Cloth Tennis Ball (3 Tubes / 12 Balls),Vermont,https://www.amazon.co.uk/dp/B079RH59WR,Sports & Outdoors,OK,22.99,25.76,11.0%,48785,43840,10,0,2,2,N,0.00,4.30,4.30,14.94,3.75,25.1%,15.57,19.24,0%,Net World Sports (65%) / A2U6UUBP4GOB5A,no,4.4,317,6,Y,5,STRONG,N,-,,LOW SELLER CHECK,KEEPA,5055984463841,,,6,10,10,5,7.8,7.3,6.9,6.9,BALANCED,3,75.00,SQUEEZED,BALANCED | GBP75.00/mo | 20/mo | GBP3.75 unit profit | SQUEEZED | 2 sellers,MAYBE,BALANCED | 20/mo | GBP3.75 profit | GBP75.00 monthly gross | SQUEEZED | 2 sellers
B0CB5RLM6V,"GYMAX Tennis Ball Cart, Foldable Tennis Balls Hopper Basket with Wheels, Side Pockets & Carry Bag, 150 Ball Capacity Available, Lightweight Tennis Teaching Cart",GYMAX,https://www.amazon.co.uk/dp/B0CB5RLM6V,Sports & Outdoors,OK,44.99,46.22,3.0%,21992,124457,12,0,2,2,Y,4.95,7.69,12.64,29.24,3.10,10.6%,26.95,41.89,58%,Amazon,yes,5.0,3,9,Y,5,STRONG,N,-,MAYBE-ROI,AMAZON CHECK; LOW SELLER CHECK,KEEPA,7984701444918,,,8,10,8,1,7.2,6.7,4.6,6.1,BALANCED,3,74.40,OK,BALANCED | GBP74.40/mo | 24/mo | GBP3.10 unit profit | stable | 2 sellers,MAYBE,BALANCED | 24/mo | GBP3.10 profit | GBP74.40 monthly gross | stable | 2 sellers
B0D5WN51GX,Pack Of X2 Junior 2 Player Kids Tennis Metal Racquet and Ball Set Lightweight Aluminium – Garden Outdoor Children Sports Fun Game Picnic Sport Beach Court Park Tournament With Carry Storage Bag (2 PAC,Unibos,https://www.amazon.co.uk/dp/B0D5WN51GX,Sports & Outdoors,OK,22.04,22.16,1.0%,37684,93433,10,0,2,2,N,0.00,4.15,4.15,14.33,3.56,24.8%,14.90,18.48,0%,Unibos (87%) / A382R9CUOXTFOP,no,4.1,3,9,N,4,AVERAGE,Y,-,,LOW SELLER CHECK,KEEPA,,,,7,10,7,3,7.1,6.2,6.1,5.9,BALANCED,3,71.20,OK,BALANCED | GBP71.20/mo | 20/mo | GBP3.56 unit profit | stable | 2 sellers,MAYBE,BALANCED | 20/mo | GBP3.56 profit | GBP71.20 monthly gross | stable | 2 sellers
B01N24MQXO,"Bender Gloves - Men's Golf Glove, Durable Mesh Material, Unique Golf Gloves Men Right Handed Golfer (Wear On Left)",BG,https://www.amazon.co.uk/dp/B01N24MQXO,Sports & Outdoors,OK,38.89,40.84,5.0%,38854,139320,7,0,3,5,N,1.89,6.75,8.64,25.28,4.97,19.7%,25.21,33.92,0%,STARRAIN LTD (58%) / A3AUFRCH1ZY5HP,no,4.4,1040,7,N,4,AVERAGE,N,-,MAYBE-ROI,,KEEPA,,,,8,10,10,1,7.6,7,6.2,6.9,BALANCED,3,69.60,OK,BALANCED | GBP69.60/mo | 14/mo | GBP4.97 unit profit | stable | 3 sellers,MAYBE,BALANCED | 14/mo | GBP4.97 profit | GBP69.60 monthly gross | stable | 3 sellers
B000T21OJU,"Penn Championship Extra Duty Felt Tennis Balls - 6 Cans, 18 Balls",Penn,https://www.amazon.co.uk/dp/B000T21OJU,Sports & Outdoors,OK,46.56,46.88,1.0%,52749,109388,7,0,2,2,N,3.48,7.93,11.41,30.26,4.88,16.1%,29.29,41.68,0%,Amazon US (0%) / A2KVF7QXNCLV8H,no,4.7,18828,1,N,3,WEAK,N,-,MAYBE-ROI,LOW SELLER CHECK,KEEPA,"0072489010191, 0751738985953","072489010191, 751738985953",00072489010191,6,10,10,1,7,7,6.2,6.9,BALANCED,3,68.30,OK,BALANCED | GBP68.30/mo | 14/mo | GBP4.88 unit profit | stable | 2 sellers,BRAND APPROACH,BALANCED | 14/mo | GBP4.88 profit | GBP68.30 monthly gross | stable | 2 sellers
B0FH2B5Y9C,"display4top 5M Badminton Net Set, Volleyball Tennis Net, Height Adjustable, Portable with Portable Carry Bag, Sports Net for Indoor or Outdoor Court, Beach, Driveway, Blue",display4top,https://www.amazon.co.uk/dp/B0FH2B5Y9C,Sports & Outdoors,HEAVY,39.09,45.65,14.0%,22843,40050,14,0,2,2,N,5.10,6.78,11.88,25.41,1.80,7.1%,22.67,37.29,0%,Queenmail (95%) / A21KO04MO3DFAX,yes,4.5,988,7,Y,5,STRONG,N,-,MAYBE-ROI,LOW SELLER CHECK,KEEPA,,,,9,10,10,0,7.7,7.1,2.6,5.5,BALANCED,3,50.40,SQUEEZED,BALANCED | GBP50.40/mo | 28/mo | GBP1.80 unit profit | SQUEEZED | 2 sellers,MAYBE,BALANCED | 28/mo | GBP1.80 profit | GBP50.40 monthly gross | SQUEEZED | 2 sellers
B0CP85MKRR,TH Golf Academy Training Mat [1.5 x 1m] | Large 13mm Artificial Grass Mat | Professional | 3 Rubber Tees Included,TH Golf,https://www.amazon.co.uk/dp/B0CP85MKRR,Sports & Outdoors,OK,36.00,36.00,0.0%,36591,67635,15,0,2,2,N,4.80,6.31,11.11,23.40,1.49,6.4%,20.74,34.51,0%,TH Golf (96%) / AI8F5HPPMV23J,yes,4.1,15,6,N,4,AVERAGE,Y,-,MAYBE-ROI,LOW SELLER CHECK,KEEPA,5060939992710,,,8,10,7,0,6.8,5.8,2.5,4.4,BALANCED,3,44.70,OK,BALANCED | GBP44.70/mo | 30/mo | GBP1.49 unit profit | stable | 2 sellers,MAYBE-ROI,BALANCED | 30/mo | GBP1.49 profit | GBP44.70 monthly gross | stable | 2 sellers
B07MTPLPT1,WILSON Energy XL Tennis Racket - 4 3/8 inches,Wilson,https://www.amazon.co.uk/dp/B07MTPLPT1,Sports & Outdoors,OK,34.99,34.92,0.0%,40370,62820,13,0,3,3,N,4.65,6.15,10.80,22.74,1.45,6.4%,20.16,33.54,0%,Racketworld (85%) / A2U69NIMV1A46Q,yes,4.1,59,2,N,3,WEAK,N,-,MAYBE-ROI,,KEEPA,0887768771997,887768771997,,6,10,9,0,6.6,7.3,3.1,5.8,BALANCED,3,37.70,OK,BALANCED | GBP37.70/mo | 26/mo | GBP1.45 unit profit | stable | 3 sellers,BRAND APPROACH,BALANCED | 26/mo | GBP1.45 profit | GBP37.70 monthly gross | stable | 3 sellers
B0GL8V5FSZ,"Wilson Federer Junior Tennis Racket Series (19""-25"" Age 2-10) inc 3 Tennis Balls (25"" (8-10 Year Old))",Wilson,https://www.amazon.co.uk/dp/B0GL8V5FSZ,Sports & Outdoors,OK,34.95,34.99,0.0%,11038,16280,11,0,2,2,N,4.50,6.14,10.64,22.72,1.59,7.0%,20.25,33.36,0%,Racketworld (85%) / A2U69NIMV1A46Q,yes,0.0,0,3,N,3,WEAK,N,-,MAYBE-ROI,LOW SELLER CHECK,KEEPA,0097512789523,097512789523,,9,10,9,0,7.5,6.9,3,5.5,BALANCED,3,35.00,OK,BALANCED | GBP35.00/mo | 22/mo | GBP1.59 unit profit | stable | 2 sellers,BRAND APPROACH,BALANCED | 22/mo | GBP1.59 profit | GBP35.00 monthly gross | stable | 2 sellers
B0FLDGXR8G,"STIGA Club Cybershape Table Tennis Bat – Beginner Table Tennis Bat with 5-Ply Wood Blade, STAR Club Rubber & Large Sweet Spot – Learn Proper Technique from Day One",STIGA,https://www.amazon.co.uk/dp/B0FLDGXR8G,Sports & Outdoors,OK,25.32,28.51,11.0%,32035,32688,24,0,2,2,Y,2.10,4.66,6.76,16.46,2.10,12.8%,15.47,23.22,100%,Amazon,yes,4.3,16,12,Y,5,STRONG,N,-,MAYBE-ROI; AMAZON DOMINANT,AMAZON CHECK; LOW SELLER CHECK,KEEPA,7318688041141,,,8,10,6,0,6.6,6.4,3.1,5.1,CASH FLOW,3,100.80,SQUEEZED,CASH FLOW | GBP100.80/mo | 48/mo | GBP2.10 unit profit | SQUEEZED | 2 sellers,MAYBE-ROI,CASH FLOW | 48/mo | GBP2.10 profit | GBP100.80 monthly gross | SQUEEZED | 2 sellers
B0D4LND3T1,YONEX Badminton Racquet NANOFLARE Speed 7 Blue G4 4U,YONEX,https://www.amazon.co.uk/dp/B0D4LND3T1,Sports & Outdoors,OK,31.00,30.49,-2.0%,15006,15335,59,50,4,5,N,4.50,5.53,10.03,20.15,0.82,4.0%,17.47,30.18,0%,Pappy Mart (72%) / A25PZFC4F8HGHQ,no,4.2,220,8,N,4,AVERAGE,N,-,MAYBE-ROI,,KEEPA,8903224402464,,,10,8,8,0,7,8.8,2.4,6.5,CASH FLOW,3,96.80,OK,CASH FLOW | GBP96.80/mo | 118/mo | GBP0.82 unit profit | stable | 4 sellers,MAYBE,CASH FLOW | 118/mo | GBP0.82 profit | GBP96.80 monthly gross | stable | 4 sellers
B09S6HFTT7,FORB Portable Garden Golf Net 7ft x 7ft – Durable Pop-Up Net for Home Practice – Versatile for Multiple Ball Sports – Easy Assembly with Carry Bag,FORB,https://www.amazon.co.uk/dp/B09S6HFTT7,Sports & Outdoors,HEAVY,47.99,58.78,18.0%,21271,21177,42,0,2,2,N,7.39,8.30,15.69,31.19,1.11,3.5%,26.92,46.88,0%,Net World Sports (65%) / A2U6UUBP4GOB5A,no,4.8,26,7,Y,5,STRONG,N,-,MAYBE-ROI,LOW SELLER CHECK,KEEPA,"5056386834918, 5059706139472",,,9,10,10,0,7.7,8.8,2.2,6.3,CASH FLOW,3,93.20,SQUEEZED,CASH FLOW | GBP93.20/mo | 84/mo | GBP1.11 unit profit | SQUEEZED | 2 sellers,MAYBE,CASH FLOW | 84/mo | GBP1.11 profit | GBP93.20 monthly gross | SQUEEZED | 2 sellers
B0FQK4M4VR,"Carlton Nanomax Pro Ti Badminton Set, 2 Player Set with Rackets, Carry Cover & Shuttles",Carlton,https://www.amazon.co.uk/dp/B0FQK4M4VR,Sports & Outdoors,OK,29.99,31.99,6.0%,14960,12519,61,50,2,1,N,4.35,5.38,9.73,19.49,0.76,3.9%,16.88,29.23,0%,Racketworld (85%) / A2U69NIMV1A46Q,yes,0.0,0,1,N,3,WEAK,N,-,MAYBE-ROI,LOW SELLER CHECK,KEEPA,0045566810304,045566810304,,10,10,8,0,7.6,9.1,2.6,6.7,CASH FLOW,3,92.70,OK,CASH FLOW | GBP92.70/mo | 122/mo | GBP0.76 unit profit | stable | 2 sellers,BRAND APPROACH,CASH FLOW | 122/mo | GBP0.76 profit | GBP92.70 monthly gross | stable | 2 sellers
B079C4T4VH,FEDERER ADULT W/O CVR TNS RKT 3,Wilson,https://www.amazon.co.uk/dp/B079C4T4VH,Sports & Outdoors,OK,31.20,30.00,-4.0%,19103,13932,51,50,2,2,Y,4.50,5.57,10.07,20.28,0.85,4.2%,17.61,30.35,96%,Amazon EU (0%) / A30DC7701CXIBH,no,4.4,1682,3,Y,5,AVERAGE,N,-,MAYBE-ROI; AMAZON DOMINANT,AMAZON CHECK; LOW SELLER CHECK,KEEPA,0887768621292,"887768621292, 887768771959",00887768621292,10,8,7,0,6.8,7.1,1.9,4.9,CASH FLOW,3,86.70,OK,CASH FLOW | GBP86.70/mo | 102/mo | GBP0.85 unit profit | stable | 2 sellers,MAYBE-ROI,CASH FLOW | 102/mo | GBP0.85 profit | GBP86.70 monthly gross | stable | 2 sellers
B08DD9XK1G,THIODOON 2 Pack Golf Flag Golf Holes and Flags for Garden Indoor Yard Putting Green Golf Hole Cup and Flag for Putting Practice Upgrade Anti-Rust Glass Fiber 5-Section Design with Connectors,THIODOON,https://www.amazon.co.uk/dp/B08DD9XK1G,Sports & Outdoors,OK,29.99,29.90,0.0%,14173,21044,20,0,2,2,N,3.26,5.38,8.64,19.49,1.85,9.5%,17.79,28.14,0%,TopMotor (100%) / AWTA2AHQEH11M,yes,4.2,1043,7,Y,5,STRONG,N,-,MAYBE-ROI,LOW SELLER CHECK,KEEPA,0732489595622,732489595622,,10,10,10,0,8,8.3,3.1,6.5,CASH FLOW,3,74.00,OK,CASH FLOW | GBP74.00/mo | 40/mo | GBP1.85 unit profit | stable | 2 sellers,MAYBE,CASH FLOW | 40/mo | GBP1.85 profit | GBP74.00 monthly gross | stable | 2 sellers
B09QF8XJ9H,"Titleist Players Terry Golf Towel, White/Black",Titleist,https://www.amazon.co.uk/dp/B09QF8XJ9H,Sports & Outdoors,OK,26.00,26.00,0.0%,13490,27644,22,0,2,2,Y,2.90,4.76,7.66,16.90,1.44,8.5%,15.28,24.56,100%,Amazon,yes,4.6,116,1,Y,5,AVERAGE,N,-,MAYBE-ROI; AMAZON DOMINANT,AMAZON CHECK; LOW SELLER CHECK,KEEPA,0706843027364,706843027364,,10,10,7,0,7.4,6.4,2.5,4.8,CASH FLOW,3,63.40,OK,CASH FLOW | GBP63.40/mo | 44/mo | GBP1.44 unit profit | stable | 2 sellers,MAYBE,CASH FLOW | 44/mo | GBP1.44 profit | GBP63.40 monthly gross | stable | 2 sellers
B0B31KRZYZ,"Titleist Players Flex Golf Glove, Men's, Left Hand (Right Hand Golfer), Large",Titleist,https://www.amazon.co.uk/dp/B0B31KRZYZ,Sports & Outdoors,OK,22.00,22.00,0.0%,17573,17310,14,0,2,1,Y,1.88,4.15,6.03,14.30,1.67,11.7%,13.31,20.33,100%,Amazon,yes,4.5,48,4,Y,5,AVERAGE,N,-,MAYBE-ROI; AMAZON DOMINANT,AMAZON CHECK; LOW SELLER CHECK,KEEPA,0706843509235,706843509235,00706843509235,9,10,6,0,6.9,5.8,3.3,4.5,CASH FLOW,3,46.80,OK,CASH FLOW | GBP46.80/mo | 28/mo | GBP1.67 unit profit | stable | 2 sellers,MAYBE-ROI,CASH FLOW | 28/mo | GBP1.67 profit | GBP46.80 monthly gross | stable | 2 sellers
B089KKLJF6,Fdit Tennis Ball Box Tennis Ball Pressurizer Can Pressure Maintaining Repairing Storage Can Container Sports Accessories,Fdit,https://www.amazon.co.uk/dp/B089KKLJF6,Sports & Outdoors,OK,20.81,22.91,9.0%,12020,21888,28,50,2,2,N,2.70,3.96,6.66,13.53,0.62,4.6%,11.79,20.19,0%,Aqur2020 (96%) / ADHC6AY9FIB0M,yes,3.6,16,9,Y,5,STRONG,N,-,MAYBE-ROI,LOW SELLER CHECK,KEEPA,6480304877647,,06480304877647,10,10,9,0,7.8,7.4,1.9,5,CASH FLOW,3,34.70,OK,CASH FLOW | GBP34.70/mo | 56/mo | GBP0.62 unit profit | stable | 2 sellers,MAYBE,CASH FLOW | 56/mo | GBP0.62 profit | GBP34.70 monthly gross | stable | 2 sellers
B0DX2MSNDM,"Wilson Slam Jr 21 Tennis Racket, Provides Lightweight Strength and Effortless Control, Kid-Friendly Dimensions, Ready For High-Performance Play, Colour: Blue, Size: 21",Wilson,https://www.amazon.co.uk/dp/B0DX2MSNDM,Sports & Outdoors,OK,26.00,26.42,2.0%,10162,63157,27,0,5,3,Y,3.71,4.76,8.47,16.90,0.63,3.7%,14.61,25.37,55%,Amazon,yes,4.4,17,6,Y,5,STRONG,N,-,MAYBE-ROI,AMAZON CHECK,KEEPA,0097512859400,097512859400,00097512859400,10,10,4,0,6.8,6.2,1.4,4,CASH FLOW,3,34.00,OK,CASH FLOW | GBP34.00/mo | 54/mo | GBP0.63 unit profit | stable | 5 sellers,MAYBE-ROI,CASH FLOW | 54/mo | GBP0.63 profit | GBP34.00 monthly gross | stable | 5 sellers
B000BT7E8Q,Masters Rain Wedge Bag Cover - Black,ProActive Sports,https://www.amazon.co.uk/dp/B000BT7E8Q,Sports & Outdoors,OK,24.75,23.89,-4.0%,37779,60170,22,0,3,5,N,3.40,4.57,7.97,16.09,0.69,4.3%,13.99,24.06,0%,Hotgolf (79%) / A1DNZ24XDONPHC,no,4.4,1352,1,N,3,WEAK,N,-,MAYBE-ROI,,KEEPA,0094922523891,094922523891,00094922523891,9,8,10,0,7.1,7.2,1.6,4.8,CASH FLOW,3,30.40,OK,CASH FLOW | GBP30.40/mo | 44/mo | GBP0.69 unit profit | stable | 3 sellers,BRAND APPROACH,CASH FLOW | 44/mo | GBP0.69 profit | GBP30.40 monthly gross | stable | 3 sellers
B0CHW9BBN3,2 Player Portable Junior Badminton Set,Sweatband.com,https://www.amazon.co.uk/dp/B0CHW9BBN3,Sports & Outdoors,OK,34.99,34.99,0.0%,24246,55043,12,0,2,2,N,4.95,6.15,11.10,22.74,1.15,5.0%,19.91,33.84,0%,Sweatband (74%) / A3I7N0CZ5MDZ9S,yes,4.7,23,9,N,4,AVERAGE,N,-,MAYBE-ROI,LOW SELLER CHECK,KEEPA,5060740581363,,,8,10,10,0,7.4,6.7,2.7,5.1,CASH FLOW,3,27.60,OK,CASH FLOW | GBP27.60/mo | 24/mo | GBP1.15 unit profit | stable | 2 sellers,MAYBE,CASH FLOW | 24/mo | GBP1.15 profit | GBP27.60 monthly gross | stable | 2 sellers
B00485CQNW,HEAD Base Backpack 17L NV,HEAD,https://www.amazon.co.uk/dp/B00485CQNW,Sports & Outdoors,OK,26.83,28.75,7.0%,17578,45444,24,0,8,5,Y,3.93,4.89,8.82,17.44,0.57,3.3%,15.01,26.26,0%,AllsportsSuperstore (72%) / A38K1I95QEBY,no,4.5,165,4,N,3,AVERAGE,N,-,MAYBE-ROI,AMAZON CHECK,KEEPA,0726423346692,726423346692,00726423346692,10,10,4,0,6.8,6.8,1.5,4.7,CASH FLOW,3,27.40,OK,CASH FLOW | GBP27.40/mo | 48/mo | GBP0.57 unit profit | stable | 8 sellers,MAYBE-ROI,CASH FLOW | 48/mo | GBP0.57 profit | GBP27.40 monthly gross | stable | 8 sellers
B09M7FXSMR,Sure Shot Matthew Syed Bulk Table Tennis Balls - box of 144,Sure Shot,https://www.amazon.co.uk/dp/B09M7FXSMR,Sports & Outdoors,OK,24.99,24.99,0.0%,18712,58029,20,0,2,2,Y,3.49,4.61,8.10,16.24,0.65,4.0%,14.08,24.34,100%,Amazon,yes,0.0,0,4,N,3,AVERAGE,N,-,MAYBE-ROI; AMAZON DOMINANT,AMAZON CHECK; LOW SELLER CHECK,KEEPA,5060556523984,,,10,10,6,0,7.2,5.8,1.1,3.5,CASH FLOW,3,26.00,OK,CASH FLOW | GBP26.00/mo | 40/mo | GBP0.65 unit profit | stable | 2 sellers,MAYBE,CASH FLOW | 40/mo | GBP0.65 profit | GBP26.00 monthly gross | stable | 2 sellers
B0FZ2RH4R8,TOURBON Portable Nylon Golf Bag Lightweight Sunday Carry Bag Foldable Golf Club Travel Training Case,TOURBN,https://www.amazon.co.uk/dp/B0FZ2RH4R8,Sports & Outdoors,OK,24.99,24.99,0.0%,11264,29386,10,0,2,2,N,2.98,4.61,7.59,16.24,1.16,7.1%,14.50,23.83,0%,tourbonsporting (99%) / A2JY583404VYGO,yes,4.2,117,9,Y,5,STRONG,N,-,MAYBE-ROI,LOW SELLER CHECK,KEEPA,,,,9,10,10,0,7.7,6.5,2.7,4.9,CASH FLOW,3,23.20,OK,CASH FLOW | GBP23.20/mo | 20/mo | GBP1.16 unit profit | stable | 2 sellers,MAYBE,CASH FLOW | 20/mo | GBP1.16 profit | GBP23.20 monthly gross | stable | 2 sellers
B019RM0C0O,"Andux Long Neck Golf Hybrid Club Head Covers with Dial No. Tag CTMT-01 (Black/Red,4pcs)",Andux,https://www.amazon.co.uk/dp/B019RM0C0O,Sports & Outdoors,OK,22.98,23.00,0.0%,32105,57990,15,0,3,3,N,2.97,4.30,7.27,14.94,0.77,5.2%,13.09,22.21,0%,Andux Store (100%) / AI0DEM54106VN,yes,4.3,1101,7,Y,5,STRONG,Y,-,MAYBE-ROI,,KEEPA,"0602045383317, 0602045383553, 0746856124179","602045383317, 602045383553, 746856124179",,9,10,7,0,7.1,5.3,2.1,3.7,CASH FLOW,3,23.10,OK,CASH FLOW | GBP23.10/mo | 30/mo | GBP0.77 unit profit | stable | 3 sellers,MAYBE,CASH FLOW | 30/mo | GBP0.77 profit | GBP23.10 monthly gross | stable | 3 sellers
B0B5G31VRN,"AXKAL Tennis Balls Bulk Orange for Kids Dogs Practice Low Compression Stage 9 16 Pack, Tennis Balls Non Slip Rubber Good for Beginner Training Ball Tool (16 Pack-Orange)",AXKAL,https://www.amazon.co.uk/dp/B0B5G31VRN,Sports & Outdoors,OK,26.99,26.99,0.0%,19399,21744,7,0,2,2,N,2.98,4.92,7.90,17.54,1.55,8.8%,15.91,25.44,0%,Jeantet Discount Shop (99%) / AZHV2J5H4M,yes,4.3,40,7,Y,5,STRONG,N,-,MAYBE-ROI,LOW SELLER CHECK,KEEPA,,,,9,10,10,0,7.7,6.1,3,4.9,CASH FLOW,3,21.70,OK,CASH FLOW | GBP21.70/mo | 14/mo | GBP1.55 unit profit | stable | 2 sellers,MAYBE,CASH FLOW | 14/mo | GBP1.55 profit | GBP21.70 monthly gross | stable | 2 sellers
B07PNBD2NL,Vermont Tennis Net Targets - Green and Orange Tennis Targets - Carry Bag Included,Vermont,https://www.amazon.co.uk/dp/B07PNBD2NL,Sports & Outdoors,HEAVY,49.98,51.86,4.0%,45125,165885,5,0,2,2,N,6.99,8.61,15.60,32.49,1.89,5.8%,28.65,48.09,0%,Net World Sports (65%) / A2U6UUBP4GOB5A,no,4.0,4,8,Y,5,STRONG,N,-,MAYBE-ROI,LOW SELLER CHECK,KEEPA,5056224220125,,,6,10,9,0,6.6,6,3,4.9,CASH FLOW,3,18.90,OK,CASH FLOW | GBP18.90/mo | 10/mo | GBP1.89 unit profit | stable | 2 sellers,MAYBE-ROI,CASH FLOW | 10/mo | GBP1.89 profit | GBP18.90 monthly gross | stable | 2 sellers
B0GNMVQCK2,"Raquex Engage 2 Padel Racket Bag – Carry Handle + Twin Shoulder Straps (Backpack Style) - Thermal Lining, Shoe Compartment, Central Storage (Blue)",Raquex,https://www.amazon.co.uk/dp/B0GNMVQCK2,Sports & Outdoors,OK,32.90,31.26,-5.0%,7644,6884,8,0,2,2,N,4.65,5.83,10.48,21.39,1.03,4.8%,18.68,31.87,0%,Raquex (98%) / A2E9ZYWNE0GH2W,yes,5.0,1,9,Y,5,STRONG,Y,-,MAYBE-ROI,LOW SELLER CHECK,KEEPA,5061045521061,,,10,8,7,0,6.8,4.5,1.6,3.1,CASH FLOW,3,16.50,OK,CASH FLOW | GBP16.50/mo | 16/mo | GBP1.03 unit profit | stable | 2 sellers,MAYBE-ROI,CASH FLOW | 16/mo | GBP1.03 profit | GBP16.50 monthly gross | stable | 2 sellers
B0D5GXRP2K,"VEVOR Badminton Net Set, Outdoor Backyard Beach Park Badminton Net, Portable Badminton Equipment Set, Adults Kids Badminton Net with Poles, Carrying Bag, 4 Iron Rackets, and 3 Nylon Shuttlecocks",VEVOR,https://www.amazon.co.uk/dp/B0D5GXRP2K,Sports & Outdoors,OK,33.99,33.99,0.0%,29955,82608,10,0,2,2,Y,5.10,6.00,11.10,22.09,0.80,3.6%,19.08,33.19,0%,VEVOR Store UK (81%) / A211U6BS6BKHXN,no,4.6,123,9,Y,5,STRONG,Y,-,MAYBE-ROI,AMAZON CHECK; LOW SELLER CHECK,KEEPA,0197988387657,197988387657,,8,10,8,0,7,4.9,1.8,3.4,CASH FLOW,3,16.00,OK,CASH FLOW | GBP16.00/mo | 20/mo | GBP0.80 unit profit | stable | 2 sellers,MAYBE,CASH FLOW | 20/mo | GBP0.80 profit | GBP16.00 monthly gross | stable | 2 sellers
B0F6SYSPSQ,Hockey Black Golf Club Driver Headcovers Cover Protector,CRAFTSMAN GOLF,https://www.amazon.co.uk/dp/B0F6SYSPSQ,Sports & Outdoors,OK,21.99,22.59,3.0%,30468,61779,11,0,2,2,N,3.04,4.15,7.19,14.29,0.51,3.6%,12.34,21.48,0%,UK GLASSWARE (83%) / A1DTUHB70OIWCX,yes,4.6,10,4,N,3,AVERAGE,N,-,MAYBE-ROI,LOW SELLER CHECK,KEEPA,,,,7,10,9,0,6.9,5.8,1.7,3.9,CASH FLOW,3,11.20,OK,CASH FLOW | GBP11.20/mo | 22/mo | GBP0.51 unit profit | stable | 2 sellers,MAYBE-ROI,CASH FLOW | 22/mo | GBP0.51 profit | GBP11.20 monthly gross | stable | 2 sellers
B0FH4X9TYT,"AXKAL Lady Golf Glove Ladies Women Left Hand Right Leather With Ball Marker Value 3 Pack (Not In Pair), Gloves Durable Soft Good Grip Fit Small Medium Large XL (Pink, S, Right)",AXKAL,https://www.amazon.co.uk/dp/B0FH4X9TYT,Sports & Outdoors,OK,22.99,22.55,-2.0%,37177,63547,5,0,2,2,N,2.72,4.30,7.02,14.94,1.03,6.9%,13.31,21.96,0%,Jeantet Discount Shop (99%) / AZHV2J5H4M,yes,4.4,88,7,N,4,AVERAGE,N,-,MAYBE-ROI,LOW SELLER CHECK,KEEPA,,,,7,8,10,0,6.5,5.3,2.5,4.1,CASH FLOW,3,10.30,OK,CASH FLOW | GBP10.30/mo | 10/mo | GBP1.03 unit profit | stable | 2 sellers,MAYBE-ROI,CASH FLOW | 10/mo | GBP1.03 profit | GBP10.30 monthly gross | stable | 2 sellers
B01MQGZNYP,Andux Long Neck Golf Hybrid Club Head Covers with Dial No. Tag CTMT-02 4pcs Blue,Andux,https://www.amazon.co.uk/dp/B01MQGZNYP,Sports & Outdoors,OK,22.98,22.98,0.0%,18697,81846,5,0,2,2,N,3.05,4.30,7.35,14.94,0.69,4.6%,13.03,22.29,0%,Andux Store (100%) / AI0DEM54106VN,yes,4.3,155,8,Y,5,STRONG,Y,-,MAYBE-ROI,LOW SELLER CHECK,KEEPA,0612032535100,612032535100,,9,10,8,0,7.3,3.5,1.1,1.9,CASH FLOW,3,6.90,OK,CASH FLOW | GBP6.90/mo | 10/mo | GBP0.69 unit profit | stable | 2 sellers,MAYBE,CASH FLOW | 10/mo | GBP0.69 profit | GBP6.90 monthly gross | stable | 2 sellers
B07XY8M2BT,"Titleist Jet Black Leather Golf Headcover, Fairway, Black/Red",Titleist,https://www.amazon.co.uk/dp/B07XY8M2BT,Sports & Outdoors,OK,50.00,50.00,0.0%,42630,189354,6,0,2,1,Y,2.96,8.47,11.43,32.50,6.07,18.7%,32.14,43.93,8%,AFOREDABLEGOLFLTD (74%) / A1XYUJ7TWUZR13,no,4.0,51,2,N,3,WEAK,N,-,MAYBE-ROI,AMAZON CHECK; LOW SELLER CHECK,KEEPA,0706843422312,706843422312,00706843422312,6,10,9,1,6.8,7.1,6.5,7.3,PROFIT,3,72.80,OK,PROFIT | GBP72.80/mo | lower volume | GBP6.07 unit profit | stable | 2 sellers,BRAND APPROACH,PROFIT | 12/mo | GBP6.07 profit | GBP72.80 monthly gross | stable | 2 sellers
B0CY5JPKVW,"VERMONT TS100 Table Tennis Table Replacement Parts | Choose from 13 Replacement Parts for Improved Stability, Functionality, and Safety (Leg Support Arm)",Vermont,https://www.amazon.co.uk/dp/B0CY5JPKVW,Sports & Outdoors,OK,37.98,38.83,2.0%,49142,108458,5,0,2,2,N,0.00,6.62,6.62,24.69,6.68,27.0%,26.14,31.30,0%,Net World Sports (65%) / A2U6UUBP4GOB5A,no,3.0,1,5,N,4,AVERAGE,N,-,,LOW SELLER CHECK,KEEPA,5059706516174,,,5,10,9,5,7.3,7.1,8.1,7.4,PROFIT,3,66.80,OK,PROFIT | GBP66.80/mo | lower volume | GBP6.68 unit profit | stable | 2 sellers,MAYBE,PROFIT | 10/mo | GBP6.68 profit | GBP66.80 monthly gross | stable | 2 sellers
B09K7VZ2Y5,"Wilson Serena Elite 103 Adults Tennis Racket Black/Gold (Grip 3 (4 3/8""))",Wilson,https://www.amazon.co.uk/dp/B09K7VZ2Y5,Sports & Outdoors,OK,59.99,59.80,0.0%,59892,157479,3,0,2,2,N,4.65,10.01,14.66,38.99,6.34,16.3%,37.78,53.65,0%,Active3Sports (90%) / A2PW3FGGOD8H6I,yes,3.9,26,9,N,4,AVERAGE,N,-,MAYBE-ROI,LOW SELLER CHECK,KEEPA,0097512524049,097512524049,,5,10,10,1,6.7,6,6.5,6.5,PROFIT,3,38.00,OK,PROFIT | GBP38.00/mo | lower volume | GBP6.34 unit profit | stable | 2 sellers,MAYBE-ROI,PROFIT | 6/mo | GBP6.34 profit | GBP38.00 monthly gross | stable | 2 sellers
B00DGCNSE4,MacWet Mens & Ladies 1 Pair Short Mesh Sports Gloves - Black/White 9.5,MacWet,https://www.amazon.co.uk/dp/B00DGCNSE4,Sports & Outdoors,OK,34.99,34.99,0.0%,61923,68845,3,0,2,2,N,0.00,6.15,6.15,22.74,6.09,26.8%,24.03,28.90,0%,SockShop (96%) / A29T47USMUFMPR,no,4.5,82,1,N,3,WEAK,N,-,,LOW SELLER CHECK,KEEPA,5019041980368,,,3,10,10,5,6.9,6.1,8,6.8,PROFIT,3,36.50,OK,PROFIT | GBP36.50/mo | lower volume | GBP6.09 unit profit | stable | 2 sellers,BRAND APPROACH,PROFIT | 6/mo | GBP6.09 profit | GBP36.50 monthly gross | stable | 2 sellers
B0FNFVR5G3,Bridgestone Golf Tour B RXS White,Bridgestone Golf,https://www.amazon.co.uk/dp/B0FNFVR5G3,Sports & Outdoors,OK,39.95,53.11,25.0%,32303,147409,4,0,3,1,N,2.94,6.91,9.85,25.97,4.13,15.9%,25.08,35.82,0%,Bargain Sports Supplies (90%) / AW1A4XRT,no,5.0,4,4,N,3,AVERAGE,N,-,MAYBE-ROI,,KEEPA,0760778096017,760778096017,,7,10,7,1,6.7,4.4,4.6,4.6,UNASSIGNED,4,33.00,COMPRESSED,UNASSIGNED | below lane thresholds,MAYBE-ROI,MAYBE-ROI | 8/mo | GBP4.13 profit | GBP33.00 monthly gross | COMPRESSED | 3 sellers | needs trade under GBP25.08
B09XBQBH4P,Benross Golf 4 Pocket 49-55” Junior Lightweight Waterproof Green Stand Bag,BENROSS,https://www.amazon.co.uk/dp/B09XBQBH4P,Sports & Outdoors,OK,49.99,49.99,0.0%,56765,126769,4,0,2,2,N,5.70,8.47,14.17,32.49,3.33,10.2%,29.85,46.66,0%,American-Golf (86%) / A1EWNQ2GC1BGPG,yes,4.7,4,3,N,3,WEAK,N,-,MAYBE-ROI,LOW SELLER CHECK,KEEPA,5055544466305,,,5,10,9,1,6.5,5.5,4.8,5.5,UNASSIGNED,4,26.60,OK,UNASSIGNED | below lane thresholds,BRAND APPROACH,BRAND APPROACH | 8/mo | GBP3.33 profit | GBP26.60 monthly gross | stable | 2 sellers | weak listing 3 imgs
B08YRX48N9,"Wilson Federer Junior Tennis Racket, Protective Cover & Tennis Balls (19"", 21"", 23"", 25"" & 26"") (25"" + Balls)",Wilson,https://www.amazon.co.uk/dp/B08YRX48N9,Sports & Outdoors,OK,44.99,45.05,0.0%,45131,169324,3,0,2,1,N,4.80,7.69,12.49,29.24,3.25,11.1%,27.08,41.74,0%,Racketworld (85%) / A2U69NIMV1A46Q,no,4.1,17,1,N,3,WEAK,N,-,MAYBE-ROI,LOW SELLER CHECK,KEEPA,0887768481179,887768481179,,6,10,8,1,6.6,5.2,4.8,5.3,UNASSIGNED,4,19.50,OK,UNASSIGNED | below lane thresholds,BRAND APPROACH,BRAND APPROACH | 6/mo | GBP3.25 profit | GBP19.50 monthly gross | stable | 2 sellers | weak listing 1 imgs
B0FXGMCLWH,"Butterfly Timo Boll Comfort Table Tennis Racket Control Ping Pong Bat with Spryer 1.7mm Rubber, 5-Ply Blade, Lightweight Design for Beginners, Youth & Players with Small Hands",Butterfly,https://www.amazon.co.uk/dp/B0FXGMCLWH,Sports & Outdoors,OK,29.99,29.99,0.0%,22514,70162,4,0,2,2,Y,2.72,5.38,8.10,19.49,2.39,12.3%,18.24,27.60,100%,Amazon,yes,0.0,0,7,N,4,AVERAGE,N,-,MAYBE-ROI; AMAZON DOMINANT,AMAZON CHECK; LOW SELLER CHECK,KEEPA,,,44906901013320,8,10,6,0,6.6,3.7,3.5,3.4,UNASSIGNED,4,19.10,OK,UNASSIGNED | below lane thresholds,MAYBE-ROI,MAYBE-ROI | 8/mo | GBP2.39 profit | GBP19.10 monthly gross | stable | 2 sellers | needs trade under GBP18.24
B07HN4DZYJ,"CALLAWAY Men's Gloves Opti Grip (Pack of 2), Black, Large",Callaway,https://www.amazon.co.uk/dp/B07HN4DZYJ,Sports & Outdoors,OK,22.00,22.00,0.0%,35929,62224,4,0,2,2,N,2.10,4.15,6.25,14.30,1.45,10.2%,13.13,20.55,0%,CGDiscountGolf (55%) / A1A7RWVJ8X9AKI,no,4.5,718,3,Y,5,AVERAGE,N,-,MAYBE-ROI,LOW SELLER CHECK,KEEPA,0190228587268,190228587268,00190228587268,8,10,10,0,7.4,4.9,3.8,4.2,UNASSIGNED,4,11.60,OK,UNASSIGNED | below lane thresholds,MAYBE,MAYBE | 8/mo | GBP1.45 profit | GBP11.60 monthly gross | stable | 2 sellers | ROI 10%
B01LX9VZDD,"Nivia Heavy Tennis Ball Cricket Ball, White (6-Pack)",Nivia,https://www.amazon.co.uk/dp/B01LX9VZDD,Sports & Outdoors,OK,28.60,28.60,0.0%,36118,80916,1,0,2,1,N,2.97,5.16,8.13,18.59,1.88,10.1%,17.05,26.72,0%,UKmarketing (90%) / AYB8J853OTJQO,no,4.3,897,3,Y,5,AVERAGE,N,-,MAYBE-ROI,LOW SELLER CHECK,KEEPA,0700256855224,700256855224,,7,10,9,0,6.9,3.5,3.7,3.3,UNASSIGNED,4,3.80,OK,UNASSIGNED | below lane thresholds,MAYBE-ROI,MAYBE-ROI | 2/mo | GBP1.88 profit | GBP3.80 monthly gross | stable | 2 sellers | needs trade under GBP17.06
B0FL2S5VR3,"HEAD Paw Patrol 21 Junior Tennis Racquet, white",HEAD,https://www.amazon.co.uk/dp/B0FL2S5VR3,Sports & Outdoors,OK,26.38,25.94,-2.0%,9845,9955,36,0,2,1,Y,3.93,4.82,8.75,17.15,0.48,2.8%,14.69,25.90,100%,Amazon,yes,4.8,20,5,N,4,AVERAGE,N,-,MAYBE-ROI; AMAZON DOMINANT,AMAZON CHECK; LOW SELLER CHECK,KEEPA,0198772075446,198772075446,,10,8,6,0,6.6,5.9,1,3.6,UNASSIGNED,9,34.60,OK,,MAYBE-ROI,MAYBE-ROI | 72/mo | GBP0.48 profit | GBP34.60 monthly gross | stable | 2 sellers | needs trade under GBP14.69
B003BK91CE,"Longridge Castle Golf Tees - (Blue, 17mm, 1000 Pieces Bulk)",Longridge,https://www.amazon.co.uk/dp/B003BK91CE,Sports & Outdoors,OK,22.95,22.95,0.0%,29902,61389,7,0,3,3,Y,3.26,4.29,7.55,14.92,0.48,3.2%,12.83,22.47,0%,ECADDIE (100%) / A14DM0OBRE86I5,no,4.4,206,3,Y,5,AVERAGE,N,-,MAYBE-ROI,AMAZON CHECK,KEEPA,5060035123995,,,8,10,9,0,7.2,4.9,1.7,3.2,UNASSIGNED,9,6.70,OK,,MAYBE,MAYBE | 14/mo | GBP0.48 profit | GBP6.70 monthly gross | stable | 3 sellers | ROI 3%
B076HM7SCW,FORB Academy Golf Practice Mat [5ft x 3.2ft] | Professional Artificial Turf Hitting Mat with 3 Rubber Tees | Golf Training Aids – 13mm Thickness,FORB,https://www.amazon.co.uk/dp/B076HM7SCW,Sports & Outdoors,HEAVY,49.99,53.88,7.0%,22191,24828,50,0,2,2,N,8.82,8.62,17.44,32.49,0.06,0.2%,27.13,49.93,0%,Net World Sports (65%) / A2U6UUBP4GOB5A,no,3.9,240,7,Y,5,STRONG,N,-,MAYBE-ROI,LOW SELLER CHECK,KEEPA,5055984498478,,05055984498478,9,10,10,0,7.7,7,2,4.5,UNASSIGNED,9,6.00,OK,,MAYBE,MAYBE | 100/mo | GBP0.06 profit | GBP6.00 monthly gross | stable | 2 sellers | ROI 0%
B0CKRWT41W,"Wilson Fierce Red Adult Twin Badminton Racket, including Shuttlecocks & Carry Case",Racketworld,https://www.amazon.co.uk/dp/B0CKRWT41W,Sports & Outdoors,OK,27.99,28.30,1.0%,20121,32510,25,0,2,2,N,4.65,5.07,9.72,18.19,0.07,0.4%,15.22,27.92,0%,Racketworld (85%) / A2U69NIMV1A46Q,no,4.4,133,1,N,3,WEAK,Y,-,MAYBE-ROI,LOW SELLER CHECK,KEEPA,5056666213259,,,9,10,8,0,7.3,4.7,1.3,2.6,UNASSIGNED,9,3.50,OK,,BRAND APPROACH,BRAND APPROACH | 50/mo | GBP0.07 profit | GBP3.50 monthly gross | stable | 2 sellers | weak listing 1 imgs
B09BZGS9BP,Carlton Nanoblade Tour 2 Player Adult Badminton Set,Carlton,https://www.amazon.co.uk/dp/B09BZGS9BP,Sports & Outdoors,OK,27.99,28.31,1.0%,36349,51208,15,0,2,2,N,4.65,5.07,9.72,18.19,0.07,0.4%,15.22,27.92,0%,Racketworld (85%) / A2U69NIMV1A46Q,no,4.2,58,1,N,3,WEAK,N,-,MAYBE-ROI,LOW SELLER CHECK,KEEPA,"5060960931269, 0045566806178",045566806178,,8,10,10,0,7.4,5.8,1.8,3.8,UNASSIGNED,9,2.10,OK,,BRAND APPROACH,BRAND APPROACH | 30/mo | GBP0.07 profit | GBP2.10 monthly gross | stable | 2 sellers | weak listing 1 imgs
B0DSW5N6YB,HEAD Radical 27 Tennis Racket,HEAD,https://www.amazon.co.uk/dp/B0DSW5N6YB,Sports & Outdoors,OK,26.50,38.32,31.0%,12101,48112,23,0,2,2,Y,4.65,4.85,9.50,17.23,-0.22,-1.3%,14.17,26.72,99%,Amazon,yes,4.8,9,2,N,3,WEAK,N,-,MAYBE-ROI; AMAZON DOMINANT,AMAZON CHECK; LOW SELLER CHECK,KEEPA,0198772012830,198772012830,,10,10,6,0,7.2,3.5,0.1,1.5,UNASSIGNED,9,-10.10,COMPRESSED,,BRAND APPROACH,BRAND APPROACH | 46/mo | GBP-0.22 profit | GBP-10.10 monthly gross | COMPRESSED | 2 sellers | weak listing 2 imgs
B0C2F5BCKK,"Tournament 4 Player Set, BLACK/RED, BLACK/BLUE",Carlton,https://www.amazon.co.uk/dp/B0C2F5BCKK,Sports & Outdoors,OK,25.71,30.28,15.0%,14212,98944,14,0,4,4,Y,4.65,4.72,9.37,16.71,-0.37,-2.2%,13.62,26.08,53%,Amazon,yes,4.2,150,1,Y,5,AVERAGE,N,-,MAYBE-ROI,AMAZON CHECK,KEEPA,0045566806383,045566806383,,9,10,6,0,6.9,4.2,0.9,2.3,UNASSIGNED,9,-10.40,SQUEEZED,,MAYBE-ROI,MAYBE-ROI | 28/mo | GBP-0.37 profit | GBP-10.40 monthly gross | SQUEEZED | 4 sellers | needs trade under GBP13.62
B000RG12X6,"Longridge BA5P Pencil Golf Bag, Black/Navy, 5"", One Size",Longridge,https://www.amazon.co.uk/dp/B000RG12X6,Sports & Outdoors,OK,23.25,22.76,-2.0%,15497,14359,43,0,3,5,Y,3.93,4.34,8.27,15.11,-0.13,-0.9%,12.48,23.38,88%,Amazon,yes,4.0,1210,6,Y,5,STRONG,N,-,MAYBE-ROI; AMAZON DOMINANT,AMAZON CHECK,KEEPA,5060035127566,,05060035127566,10,8,7,0,6.8,5.1,1.2,2.9,UNASSIGNED,9,-11.20,OK,,MAYBE-ROI,MAYBE-ROI | 86/mo | GBP-0.13 profit | GBP-11.20 monthly gross | stable | 3 sellers | needs trade under GBP12.48
B0BNVXM74F,Karakal Power CT Deluxe 2 Player Badminton Set inc 3 Shuttles,Racketworld,https://www.amazon.co.uk/dp/B0BNVXM74F,Sports & Outdoors,OK,24.95,24.95,0.0%,33936,57994,13,0,2,2,N,4.65,4.60,9.25,16.22,-0.52,-3.2%,13.08,25.47,0%,Racketworld (85%) / A2U69NIMV1A46Q,yes,4.2,118,1,N,3,WEAK,Y,-,MAYBE-ROI,LOW SELLER CHECK,KEEPA,5056666211071,,,7,10,8,0,6.7,4.3,1.2,2.4,UNASSIGNED,9,-13.50,OK,,BRAND APPROACH,BRAND APPROACH | 26/mo | GBP-0.52 profit | GBP-13.50 monthly gross | stable | 2 sellers | weak listing 1 imgs
B0DX2JZJ3C,"Wilson Intrigue Jr 25 Tennis Racket, Lightweight Frame for Easy Handling, Performance-Ready Providing Stable Play and Powerful Shots, Arm-Friendly Strings, Colour: Teal/Blue, Size: 25",Wilson,https://www.amazon.co.uk/dp/B0DX2JZJ3C,Sports & Outdoors,OK,25.99,25.99,0.0%,26213,18868,42,50,3,2,Y,4.50,4.76,9.26,16.89,-0.17,-1.0%,13.94,26.16,95%,Amazon,yes,4.7,40,5,Y,5,AVERAGE,N,-,MAYBE-ROI; AMAZON DOMINANT,AMAZON CHECK,KEEPA,0097512859424,097512859424,00097512859424,9,10,6,0,6.9,5.3,1.3,3,UNASSIGNED,9,-14.30,OK,,MAYBE-ROI,MAYBE-ROI | 84/mo | GBP-0.17 profit | GBP-14.30 monthly gross | stable | 3 sellers | needs trade under GBP13.94
B0BN9C227N,COLLAR AND CUFFS LONDON 60MPH XL Large Windproof Strong Umbrella - StormDefender Big Golf Umbrella - Best for Vented Canopy - Fiberglass - Rainproof Auto Open - Non Slip Handle - Black with Red Ribs,COLLAR AND CUFFS LONDON,https://www.amazon.co.uk/dp/B0BN9C227N,Sports & Outdoors,OK,24.90,24.94,0.0%,19558,13507,14,50,2,2,N,4.50,4.60,9.10,16.18,-0.38,-2.4%,13.17,25.28,0%,COLLAR AND CUFFS LONDON LTD (100%) / A1J,yes,4.6,179,9,N,4,AVERAGE,Y,-,MAYBE-ROI,LOW SELLER CHECK,KEEPA,,,,9,10,8,0,7.3,4.7,1.3,2.6,UNASSIGNED,9,-19.00,OK,,MAYBE,MAYBE | 50/mo | GBP-0.38 profit | GBP-19.00 monthly gross | stable | 2 sellers | ROI -2%
B0D9X17LRN,"Qivine Tennis Racket Set 2 Players Tennis Training Equipment for Kids Child, Outdoor Sport Activity with 2 Tennis Rackets, 1 Tennis Balls and Carry Bag, Beginner Practice Racquet 21""",Qivine,https://www.amazon.co.uk/dp/B0D9X17LRN,Sports & Outdoors,OK,20.99,20.99,0.0%,13171,52034,21,0,2,2,N,3.93,3.99,7.92,13.64,-0.58,-4.2%,10.89,21.57,0%,Gartwan (99%) / A1RXSTGTL4OXMB,yes,2.5,8,8,Y,5,STRONG,N,-,MAYBE-ROI,LOW SELLER CHECK,KEEPA,,,,9,10,9,0,7.5,6.1,1.8,4,UNASSIGNED,9,-24.40,OK,,MAYBE,MAYBE | 42/mo | GBP-0.58 profit | GBP-24.40 monthly gross | stable | 2 sellers | ROI -4%
B07NDWQ5XH,"SMATI Large Transparent Golf Umbrella, Diameter 124cm, Automatic opening, Men/Women Umbrella, For 2 people, Black Border Colour",SMATI,https://www.amazon.co.uk/dp/B07NDWQ5XH,Sports & Outdoors,OK,22.90,22.90,0.0%,33174,45212,20,0,4,3,Y,4.35,4.29,8.64,14.88,-0.62,-4.2%,11.88,23.52,0%,Umbrella republic (0%) / A3L35Q5EKON120,yes,4.4,892,4,N,3,AVERAGE,N,-,MAYBE-ROI,AMAZON CHECK,KEEPA,3760042161943,,,9,10,7,0,7.1,5.9,1.7,3.8,UNASSIGNED,9,-24.80,OK,,MAYBE,MAYBE | 40/mo | GBP-0.62 profit | GBP-24.80 monthly gross | stable | 4 sellers | ROI -4%
B0DX2KMHXB,"Wilson Champ 90 Badminton Racket, Dynamic Frame For Enhanced Strength, Vibrant Two-Tone Design, Comes Pre-Strung, Colour: Blue/White, Size: 3",Wilson,https://www.amazon.co.uk/dp/B0DX2KMHXB,Sports & Outdoors,OK,22.00,22.54,2.0%,26359,40034,21,0,4,4,Y,4.50,4.15,8.65,14.30,-0.95,-6.6%,11.13,22.95,53%,Amazon,yes,4.4,23,6,Y,5,STRONG,N,-,MAYBE-ROI,AMAZON CHECK,KEEPA,0097512770569,097512770569,,9,10,6,0,6.9,5.1,1.4,3.1,UNASSIGNED,9,-39.90,OK,,MAYBE-ROI,MAYBE-ROI | 42/mo | GBP-0.95 profit | GBP-39.90 monthly gross | stable | 4 sellers | needs trade under GBP11.13
B0FL4GRN1R,Wilson Champ Badminton Racket & Racketworld Premium Badminton Carry Case,Generic,https://www.amazon.co.uk/dp/B0FL4GRN1R,Sports & Outdoors,OK,25.95,25.27,-3.0%,12668,8092,112,50,2,2,N,4.50,4.76,9.26,16.87,-0.18,-1.0%,13.91,26.13,0%,Racketworld (85%) / A2U69NIMV1A46Q,yes,4.1,8,1,N,3,WEAK,N,-,MAYBE-ROI,LOW SELLER CHECK,KEEPA,,,,10,8,9,0,7.2,6.6,1.8,4.3,UNASSIGNED,9,-40.30,OK,,BRAND APPROACH,BRAND APPROACH | 224/mo | GBP-0.18 profit | GBP-40.30 monthly gross | stable | 2 sellers | weak listing 1 imgs
B0CT298VVV,"SPORTNOW 3(m) Badminton Net, Foldable Height Adjustable Outdoor Sports Net with Carry Bag, for Tennis, Badminton, Pickleball, Volleyball, Black and Yellow",SPORTNOW,https://www.amazon.co.uk/dp/B0CT298VVV,Sports & Outdoors,OK,26.47,24.39,-9.0%,15577,16153,64,50,2,1,Y,4.95,4.84,9.79,17.21,-0.52,-3.0%,13.90,26.99,44%,Amazon,yes,4.4,29,9,Y,5,STRONG,N,-,MAYBE-ROI,AMAZON CHECK; LOW SELLER CHECK,KEEPA,5056725376529,,,10,6,9,0,6.6,6.2,1.6,4,UNASSIGNED,9,-66.60,OK,,MAYBE-ROI,MAYBE-ROI | 128/mo | GBP-0.52 profit | GBP-66.60 monthly gross | stable | 2 sellers | needs trade under GBP13.90
B0GKBCP4F8,"Babolat Eagle Tennis Racket, Black/Blue (Available in Grip Size L2 & L3) (L2 (4 1/4""))",Babolat,https://www.amazon.co.uk/dp/B0GKBCP4F8,Sports & Outdoors,OK,29.99,36.39,18.0%,17375,25799,3,0,2,2,N,17.64,5.38,23.02,19.49,-12.52,-64.2%,5.81,42.51,0%,Racketworld (85%) / A2U69NIMV1A46Q,yes,0.0,0,3,N,3,WEAK,N,-,MAYBE-ROI,LOW SELLER CHECK,KEEPA,3324922146309,,,9,10,9,0,7.5,3.6,1.1,2.2,UNASSIGNED,9,-75.10,SQUEEZED,,BRAND APPROACH,BRAND APPROACH | 6/mo | GBP-12.52 profit | GBP-75.10 monthly gross | SQUEEZED | 2 sellers | weak listing 3 imgs
