ASIN,Product Name,Brand,Category,Verdict,Composite Score,Current Price,FBA Fee,Est ROI %,Existing Account Found,Existing Account Name,Trade Price Found,Trade Price,Real ROI %,ROI Change,Route Code,Supplier Name,Supplier Website,Supplier Contact,MOQ,Notes,Outreach Email File
B09MTS97QP,Wilson US Open Extra Duty Official Tennis Balls - 6 Sealed Tubes of 4 Balls,Wilson,Sports & Outdoors,MAYBE,7.0,GBP49.99,GBP3.49,17.0%,N,,N,,,UNKNOWN,UNCLEAR,,,,,No supplier accounts configured,
B09TG4W776,Yonex Arcsaber 11 Play Badminton Pre-Strung Racket (Grayish Pearl) (4UG5),YONEX,Sports & Outdoors,MAYBE-ROI,6.8,GBP49.99,GBP4.50,13.9%,N,,N,,,UNKNOWN,UNCLEAR,,,,,No supplier accounts configured,
B0CYMS1TKX,FORB Chip and Stick Golf Game | Indoor and Outdoor Chipping Mat - Golfing Fun for All the Family [3 Sizes] (Large (120cm x 180cm)),FORB,Sports & Outdoors,MAYBE,7.0,GBP37.99,GBP0.00,27.0%,N,,N,,,UNKNOWN,UNCLEAR,,,,,No supplier accounts configured,
B07T98XV91,"STIGA Prestige 5-Star Table Tennis Racket – Professional High-Speed Ping Pong Paddle with ITTF-Approved Rubber, 2.0mm Sponge, and WRB Technology – Comfortable Grip, Black / Red",STIGA,Sports & Outdoors,MAYBE,7.7,GBP55.70,GBP2.72,20.5%,N,,N,,,UNKNOWN,UNCLEAR,,,,,No supplier accounts configured,
B0DYVQC2V2,"FORZA Sport Umbrellas | 60"" Double Layered Canopy With a Locking Button For Instant Opening (FORZA Yellow Umberella, Pack of 5)",FORZA,Sports & Outdoors,YES,9.2,GBP53.99,GBP0.00,27.9%,N,,N,,,UNKNOWN,UNCLEAR,,,,,No supplier accounts configured,
B0F8VN1PKD,"FORB Divot Board Golf Swing Mat – Real-Time Swing Path Trainer for Golfers | Portable Golf Training Aid for Home, Garden, or Range Practice | Durable, Non-Slip Base | Suitable for All Skill Levels",FORB,Sports & Outdoors,MAYBE,8.2,GBP29.99,GBP0.00,26.2%,N,,N,,,UNKNOWN,UNCLEAR,,,,,No supplier accounts configured,
B0CRZ8JWGH,"Team Butterfly Champion Table Tennis Bat, Professional Table Tennis Bat for Advanced and Experienced Players, ITTF Approved for Competitions",Butterfly,Sports & Outdoors,MAYBE-ROI,6.7,GBP39.99,GBP2.10,19.1%,N,,N,,,UNKNOWN,UNCLEAR,,,,,No supplier accounts configured,
B07L19GFPT,"STIGA Royal WRB 3-Star Table Tennis Bat - ITTF Approved, Offensive Bat with WRB System, 5-Ply Blade, 2.0 mm Sponge, Enhanced Speed, Control, and Spin for Skill Development and Game Improvement",STIGA,Sports & Outdoors,MAYBE-ROI,6.7,GBP39.91,GBP2.72,16.7%,N,,N,,,UNKNOWN,UNCLEAR,,,,,No supplier accounts configured,
B07TB9Y1BD,"STIGA Vision 4-Star Table Tennis Bat, Black/Red",STIGA,Sports & Outdoors,MAYBE,7.7,GBP53.78,GBP2.72,20.2%,N,,N,,,UNKNOWN,UNCLEAR,,,,,No supplier accounts configured,
B09QF6DYH3,"Titleist StaDry Performance Golf Towel, Black",Titleist,Sports & Outdoors,MAYBE,7.6,GBP40.00,GBP2.91,16.0%,N,,N,,,UNKNOWN,UNCLEAR,,,,,No supplier accounts configured,
B09H3DLLRZ,Fulton Titan 1 Black Golf Umbrella,Fulton,Sports & Outdoors,MAYBE-ROI,6.5,GBP35.17,GBP4.50,7.1%,N,,N,,,UNKNOWN,UNCLEAR,,,,,No supplier accounts configured,
B0F5BG54SM,"STIGA Trinity V2 Table Tennis Bat – 3-Star Blade, ITTF-Approved Rubber, Ergonomic Grip – For Offensive Players",STIGA,Sports & Outdoors,MAYBE-ROI,6.7,GBP36.44,GBP2.72,15.4%,N,,N,,,UNKNOWN,UNCLEAR,,,,,No supplier accounts configured,
B072JWP75B,"Tibhar DHS Hurricane 3 Neo Table Tennis rubber (Black),2.15 mm",Tibhar,Sports & Outdoors,BRAND APPROACH,6.9,GBP26.99,GBP2.06,14.1%,N,,N,,,UNKNOWN,UNCLEAR,,,,,No supplier accounts configured,
B00RZTV5B2,"Wilson Tour Slam Adult Recreational Tennis Racket - Grip Size 3-4 3/8"", Grey/Green",Wilson,Sports & Outdoors,MAYBE,7.3,GBP39.95,GBP4.65,9.3%,N,,N,,,UNKNOWN,UNCLEAR,,,,,No supplier accounts configured,
B0DK6YZMN1,"MAZEL Golf Stand Bag 2 Way Divider 2 Pockets,Adjustable Shoulder Straps,Superior 900D Nylon Lightweight Material Pencil Golf Bag for Men Women (Blue)",MAZEL,Sports & Outdoors,MAYBE,7.3,GBP49.99,GBP4.65,13.5%,N,,N,,,UNKNOWN,UNCLEAR,,,,,No supplier accounts configured,
B0DTYNKGW8,"Ben Sayers LTE 6"" Pencil Golf Stand Bag | Lightweight Golf Clubs Carry Bag with Dual Shoulder Strap and Lumbar Padding | (Black/Red)",Ben Sayers,Sports & Outdoors,MAYBE,7.4,GBP54.95,GBP6.00,11.2%,N,,N,,,UNKNOWN,UNCLEAR,,,,,No supplier accounts configured,
B0CSKCMTW5,"Butterfly Ovtcharov Expert Table Tennis Bat, Professional Table Tennis Bat for Advanced & Competition Players, ITTF Approved for Competitions, Extremely Grippy/Sticky Pads for Maximum Spin",Butterfly,Sports & Outdoors,MAYBE,7.7,GBP40.66,GBP2.94,16.1%,N,,N,,,UNKNOWN,UNCLEAR,,,,,No supplier accounts configured,
B083Y29SDG,Babolat GOLD ALL COURT TENNIS BALLS - 1 DOZEN,Babolat,Sports & Outdoors,BRAND APPROACH,8.0,GBP24.95,GBP0.00,25.5%,N,,N,,,UNKNOWN,UNCLEAR,,,,,No supplier accounts configured,
B01H3S1L6S,Conwy Kayak Folding Kayak Trolley Cart K1 60kg Load Puncture Proof Flat Free Wheels for Canadian Canoe SUP Paddle Board Transport Carry Accessories,Conwy Kayak,Sports & Outdoors,MAYBE,7.7,GBP44.99,GBP5.55,11.7%,N,,N,,,UNKNOWN,UNCLEAR,,,,,No supplier accounts configured,
B0D4M229LM,YONEX Graphite Badminton Racquet Astrox 88 Play Black Silver G5 4U,YONEX,Sports & Outdoors,BRAND APPROACH,7.3,GBP53.99,GBP4.50,15.1%,N,,N,,,UNKNOWN,UNCLEAR,,,,,No supplier accounts configured,
B0GQGQN88N,"Lhysn Tennis Racket Storage Rack Stand, Tennis Racket Holder, Tennis Racquet Storage Rack, Tennis Racket Stand Durable and Storable, for Gymnasium Tennis Club (White)",Lhysn,Sports & Outdoors,MAYBE,7.1,GBP39.99,GBP3.54,13.6%,N,,N,,,UNKNOWN,UNCLEAR,,,,,No supplier accounts configured,
B0FVFDZMNX,adidas Racket Padel Control 3.2 Black,adidas,Sports & Outdoors,MAYBE,7.7,GBP40.49,GBP3.93,12.3%,N,,N,,,UNKNOWN,UNCLEAR,,,,,No supplier accounts configured,
B0CD824C2J,YONEX Badminton KITBAG SUNR 23015 BT5 (Black Yellow),YONEX,Sports & Outdoors,MAYBE-ROI,6.8,GBP44.49,GBP4.65,11.4%,N,,N,,,UNKNOWN,UNCLEAR,,,,,No supplier accounts configured,
B00I14X9PU,"WILSON FBA_wrz601403 Advantage II Tennis Bag-Black/White, 2 Racquet",Wilson,Sports & Outdoors,MAYBE-ROI,6.8,GBP39.95,GBP4.65,9.3%,N,,N,,,UNKNOWN,UNCLEAR,,,,,No supplier accounts configured,
B085QMVTBX,HEAD TOUR XT TENNIS BALL PREMIUM PERFORMANCE TENNIS BALLS,HEAD,Sports & Outdoors,BRAND APPROACH,6.5,GBP29.95,GBP3.26,9.5%,N,,N,,,UNKNOWN,UNCLEAR,,,,,No supplier accounts configured,
B06XGNX9D9,"Callaway FT Launch Zone Golf Hitting Mat with Rubber Backing Golf Putting Mat, Green, 1' x 2'",Izzo,Sports & Outdoors,MAYBE,7.6,GBP44.60,GBP4.65,11.5%,N,,N,,,UNKNOWN,UNCLEAR,,,,,No supplier accounts configured,
B0DGXS1ZCB,"SPORTNOW 5M Portable Badminton Set, Height Adjustable Tennis Volleyball Net with 3 Shuttlecocks, 4 Rackets and with Carry Bag, Multi-Sports Badminton Net for Indoor Outdoor, Garden, Beach Games",SPORTNOW,Sports & Outdoors,MAYBE-ROI,6.7,GBP39.96,GBP5.40,6.4%,N,,N,,,UNKNOWN,UNCLEAR,,,,,No supplier accounts configured,
B08DKYPBBH,"Wilson Tour Slam Adults Tennis Racket - Grey/Green (Grip 3 (4 3/8""))",Wilson,Sports & Outdoors,BRAND APPROACH,7.4,GBP38.99,GBP4.65,8.8%,N,,N,,,UNKNOWN,UNCLEAR,,,,,No supplier accounts configured,
B01BOU7868,Wilson Advantage Team Triple Racket Bag - Red,Wilson,Sports & Outdoors,MAYBE,7.1,GBP39.95,GBP4.50,9.9%,N,,N,,,UNKNOWN,UNCLEAR,,,,,No supplier accounts configured,
B0DFQBWF8X,Wilson POWER ULTRA 112 XL Tennis Racket 24PK Blue/White L2,Wilson,Sports & Outdoors,MAYBE,7.0,GBP36.95,GBP4.50,8.3%,N,,N,,,UNKNOWN,UNCLEAR,,,,,No supplier accounts configured,
B0DWTBDK55,Hy-Pro Table Tennis Set with Bats – Complete Ping Pong Set with 3 Star Table Tennis Balls and 4 Multi-ply Bats - Ideal Ping Pong Bat Kit with Portable Paddle Carry Case for Home or Outdoor Play,Hy-Pro,Sports & Outdoors,MAYBE-ROI,6.8,GBP26.60,GBP3.49,5.6%,N,,N,,,UNKNOWN,UNCLEAR,,,,,No supplier accounts configured,
B0FQK28Y6X,"Carlton Nanomax Pro Ti Badminton Set, 4 Player Set with Rackets, Carry Cover, Shuttles, Net & Posts for instant play.",Carlton,Sports & Outdoors,BRAND APPROACH,6.6,GBP38.99,GBP4.65,8.8%,N,,N,,,UNKNOWN,UNCLEAR,,,,,No supplier accounts configured,
B083DWLRWD,"Vermont Training Tennis Balls – ITF Approved Mini Red (Stage 3), Pack of 12",Vermont,Sports & Outdoors,YES,8.7,GBP24.99,GBP0.00,25.5%,N,,N,,,UNKNOWN,UNCLEAR,,,,,No supplier accounts configured,
B012WAQVYE,NITTAKU 3-stars Premium 40+ Table Tennis Ball (Pack of 12 balls),NITTAKU,Sports & Outdoors,MAYBE,7.7,GBP32.47,GBP2.94,12.6%,N,,N,,,UNKNOWN,UNCLEAR,,,,,No supplier accounts configured,
B0191ZAD92,FORB Launch Pad Golf Practice Mat – 2ft x 1ft Artificial Turf Hitting Mat – Includes Removable Rubber Tee – Durable Rubber Base – Ideal for Indoor & Outdoor Golf Practice,Nws,Sports & Outdoors,MAYBE,7.6,GBP29.99,GBP0.00,26.2%,N,,N,,,UNKNOWN,UNCLEAR,,,,,No supplier accounts configured,
B079RH59WR,Vermont Classic Tour Tennis Balls - ITF Approved Woven Cloth Tennis Ball (3 Tubes / 12 Balls),Vermont,Sports & Outdoors,MAYBE,7.8,GBP22.99,GBP0.00,25.1%,N,,N,,,UNKNOWN,UNCLEAR,,,,,No supplier accounts configured,
B0CB5RLM6V,"GYMAX Tennis Ball Cart, Foldable Tennis Balls Hopper Basket with Wheels, Side Pockets & Carry Bag, 150 Ball Capacity Available, Lightweight Tennis Teaching Cart",GYMAX,Sports & Outdoors,MAYBE,7.2,GBP44.99,GBP4.95,10.6%,N,,N,,,UNKNOWN,UNCLEAR,,,,,No supplier accounts configured,
B01N24MQXO,"Bender Gloves - Men's Golf Glove, Durable Mesh Material, Unique Golf Gloves Men Right Handed Golfer (Wear On Left)",BG,Sports & Outdoors,MAYBE,7.6,GBP38.89,GBP1.89,19.7%,N,,N,,,UNKNOWN,UNCLEAR,,,,,No supplier accounts configured,
B000T21OJU,"Penn Championship Extra Duty Felt Tennis Balls - 6 Cans, 18 Balls",Penn,Sports & Outdoors,BRAND APPROACH,7.0,GBP46.56,GBP3.48,16.1%,N,,N,,,UNKNOWN,UNCLEAR,,,,,No supplier accounts configured,
B0FH2B5Y9C,"display4top 5M Badminton Net Set, Volleyball Tennis Net, Height Adjustable, Portable with Portable Carry Bag, Sports Net for Indoor or Outdoor Court, Beach, Driveway, Blue",display4top,Sports & Outdoors,MAYBE,7.7,GBP39.09,GBP5.10,7.1%,N,,N,,,UNKNOWN,UNCLEAR,,,,,No supplier accounts configured,
B07MTPLPT1,WILSON Energy XL Tennis Racket - 4 3/8 inches,Wilson,Sports & Outdoors,BRAND APPROACH,6.6,GBP34.99,GBP4.65,6.4%,N,,N,,,UNKNOWN,UNCLEAR,,,,,No supplier accounts configured,
B0GL8V5FSZ,"Wilson Federer Junior Tennis Racket Series (19""-25"" Age 2-10) inc 3 Tennis Balls (25"" (8-10 Year Old))",Wilson,Sports & Outdoors,BRAND APPROACH,7.5,GBP34.95,GBP4.50,7.0%,N,,N,,,UNKNOWN,UNCLEAR,,,,,No supplier accounts configured,
B0FLDGXR8G,"STIGA Club Cybershape Table Tennis Bat – Beginner Table Tennis Bat with 5-Ply Wood Blade, STAR Club Rubber & Large Sweet Spot – Learn Proper Technique from Day One",STIGA,Sports & Outdoors,MAYBE-ROI,6.6,GBP25.32,GBP2.10,12.8%,N,,N,,,UNKNOWN,UNCLEAR,,,,,No supplier accounts configured,
B0D4LND3T1,YONEX Badminton Racquet NANOFLARE Speed 7 Blue G4 4U,YONEX,Sports & Outdoors,MAYBE,7.0,GBP31.00,GBP4.50,4.0%,N,,N,,,UNKNOWN,UNCLEAR,,,,,No supplier accounts configured,
B09S6HFTT7,FORB Portable Garden Golf Net 7ft x 7ft – Durable Pop-Up Net for Home Practice – Versatile for Multiple Ball Sports – Easy Assembly with Carry Bag,FORB,Sports & Outdoors,MAYBE,7.7,GBP47.99,GBP7.39,3.5%,N,,N,,,UNKNOWN,UNCLEAR,,,,,No supplier accounts configured,
B0FQK4M4VR,"Carlton Nanomax Pro Ti Badminton Set, 2 Player Set with Rackets, Carry Cover & Shuttles",Carlton,Sports & Outdoors,BRAND APPROACH,7.6,GBP29.99,GBP4.35,3.9%,N,,N,,,UNKNOWN,UNCLEAR,,,,,No supplier accounts configured,
B079C4T4VH,FEDERER ADULT W/O CVR TNS RKT 3,Wilson,Sports & Outdoors,MAYBE-ROI,6.8,GBP31.20,GBP4.50,4.2%,N,,N,,,UNKNOWN,UNCLEAR,,,,,No supplier accounts configured,
B08DD9XK1G,THIODOON 2 Pack Golf Flag Golf Holes and Flags for Garden Indoor Yard Putting Green Golf Hole Cup and Flag for Putting Practice Upgrade Anti-Rust Glass Fiber 5-Section Design with Connectors,THIODOON,Sports & Outdoors,MAYBE,8.0,GBP29.99,GBP3.26,9.5%,N,,N,,,UNKNOWN,UNCLEAR,,,,,No supplier accounts configured,
B09QF8XJ9H,"Titleist Players Terry Golf Towel, White/Black",Titleist,Sports & Outdoors,MAYBE,7.4,GBP26.00,GBP2.90,8.5%,N,,N,,,UNKNOWN,UNCLEAR,,,,,No supplier accounts configured,
B0B31KRZYZ,"Titleist Players Flex Golf Glove, Men's, Left Hand (Right Hand Golfer), Large",Titleist,Sports & Outdoors,MAYBE-ROI,6.9,GBP22.00,GBP1.88,11.7%,N,,N,,,UNKNOWN,UNCLEAR,,,,,No supplier accounts configured,
B089KKLJF6,Fdit Tennis Ball Box Tennis Ball Pressurizer Can Pressure Maintaining Repairing Storage Can Container Sports Accessories,Fdit,Sports & Outdoors,MAYBE,7.8,GBP20.81,GBP2.70,4.6%,N,,N,,,UNKNOWN,UNCLEAR,,,,,No supplier accounts configured,
B0DX2MSNDM,"Wilson Slam Jr 21 Tennis Racket, Provides Lightweight Strength and Effortless Control, Kid-Friendly Dimensions, Ready For High-Performance Play, Colour: Blue, Size: 21",Wilson,Sports & Outdoors,MAYBE-ROI,6.8,GBP26.00,GBP3.71,3.7%,N,,N,,,UNKNOWN,UNCLEAR,,,,,No supplier accounts configured,
B000BT7E8Q,Masters Rain Wedge Bag Cover - Black,ProActive Sports,Sports & Outdoors,BRAND APPROACH,7.1,GBP24.75,GBP3.40,4.3%,N,,N,,,UNKNOWN,UNCLEAR,,,,,No supplier accounts configured,
B0CHW9BBN3,2 Player Portable Junior Badminton Set,Sweatband.com,Sports & Outdoors,MAYBE,7.4,GBP34.99,GBP4.95,5.0%,N,,N,,,UNKNOWN,UNCLEAR,,,,,No supplier accounts configured,
B00485CQNW,HEAD Base Backpack 17L NV,HEAD,Sports & Outdoors,MAYBE-ROI,6.8,GBP26.83,GBP3.93,3.3%,N,,N,,,UNKNOWN,UNCLEAR,,,,,No supplier accounts configured,
B09M7FXSMR,Sure Shot Matthew Syed Bulk Table Tennis Balls - box of 144,Sure Shot,Sports & Outdoors,MAYBE,7.2,GBP24.99,GBP3.49,4.0%,N,,N,,,UNKNOWN,UNCLEAR,,,,,No supplier accounts configured,
B0FZ2RH4R8,TOURBON Portable Nylon Golf Bag Lightweight Sunday Carry Bag Foldable Golf Club Travel Training Case,TOURBN,Sports & Outdoors,MAYBE,7.7,GBP24.99,GBP2.98,7.1%,N,,N,,,UNKNOWN,UNCLEAR,,,,,No supplier accounts configured,
B0B5G31VRN,"AXKAL Tennis Balls Bulk Orange for Kids Dogs Practice Low Compression Stage 9 16 Pack, Tennis Balls Non Slip Rubber Good for Beginner Training Ball Tool (16 Pack-Orange)",AXKAL,Sports & Outdoors,MAYBE,7.7,GBP26.99,GBP2.98,8.8%,N,,N,,,UNKNOWN,UNCLEAR,,,,,No supplier accounts configured,
B07PNBD2NL,Vermont Tennis Net Targets - Green and Orange Tennis Targets - Carry Bag Included,Vermont,Sports & Outdoors,MAYBE-ROI,6.6,GBP49.98,GBP6.99,5.8%,N,,N,,,UNKNOWN,UNCLEAR,,,,,No supplier accounts configured,
B0F6SYSPSQ,Hockey Black Golf Club Driver Headcovers Cover Protector,CRAFTSMAN GOLF,Sports & Outdoors,MAYBE-ROI,6.9,GBP21.99,GBP3.04,3.6%,N,,N,,,UNKNOWN,UNCLEAR,,,,,No supplier accounts configured,
B0FH4X9TYT,"AXKAL Lady Golf Glove Ladies Women Left Hand Right Leather With Ball Marker Value 3 Pack (Not In Pair), Gloves Durable Soft Good Grip Fit Small Medium Large XL (Pink, S, Right)",AXKAL,Sports & Outdoors,MAYBE-ROI,6.5,GBP22.99,GBP2.72,6.9%,N,,N,,,UNKNOWN,UNCLEAR,,,,,No supplier accounts configured,
B07XY8M2BT,"Titleist Jet Black Leather Golf Headcover, Fairway, Black/Red",Titleist,Sports & Outdoors,BRAND APPROACH,6.8,GBP50.00,GBP2.96,18.7%,N,,N,,,UNKNOWN,UNCLEAR,,,,,No supplier accounts configured,
B0CY5JPKVW,"VERMONT TS100 Table Tennis Table Replacement Parts | Choose from 13 Replacement Parts for Improved Stability, Functionality, and Safety (Leg Support Arm)",Vermont,Sports & Outdoors,MAYBE,7.3,GBP37.98,GBP0.00,27.0%,N,,N,,,UNKNOWN,UNCLEAR,,,,,No supplier accounts configured,
B09K7VZ2Y5,"Wilson Serena Elite 103 Adults Tennis Racket Black/Gold (Grip 3 (4 3/8""))",Wilson,Sports & Outdoors,MAYBE-ROI,6.7,GBP59.99,GBP4.65,16.3%,N,,N,,,UNKNOWN,UNCLEAR,,,,,No supplier accounts configured,
B00DGCNSE4,MacWet Mens & Ladies 1 Pair Short Mesh Sports Gloves - Black/White 9.5,MacWet,Sports & Outdoors,BRAND APPROACH,6.9,GBP34.99,GBP0.00,26.8%,N,,N,,,UNKNOWN,UNCLEAR,,,,,No supplier accounts configured,
B0FNFVR5G3,Bridgestone Golf Tour B RXS White,Bridgestone Golf,Sports & Outdoors,MAYBE-ROI,6.7,GBP39.95,GBP2.94,15.9%,N,,N,,,UNKNOWN,UNCLEAR,,,,,No supplier accounts configured,
B09XBQBH4P,Benross Golf 4 Pocket 49-55” Junior Lightweight Waterproof Green Stand Bag,BENROSS,Sports & Outdoors,BRAND APPROACH,6.5,GBP49.99,GBP5.70,10.2%,N,,N,,,UNKNOWN,UNCLEAR,,,,,No supplier accounts configured,
B08YRX48N9,"Wilson Federer Junior Tennis Racket, Protective Cover & Tennis Balls (19"", 21"", 23"", 25"" & 26"") (25"" + Balls)",Wilson,Sports & Outdoors,BRAND APPROACH,6.6,GBP44.99,GBP4.80,11.1%,N,,N,,,UNKNOWN,UNCLEAR,,,,,No supplier accounts configured,
B0FXGMCLWH,"Butterfly Timo Boll Comfort Table Tennis Racket Control Ping Pong Bat with Spryer 1.7mm Rubber, 5-Ply Blade, Lightweight Design for Beginners, Youth & Players with Small Hands",Butterfly,Sports & Outdoors,MAYBE-ROI,6.6,GBP29.99,GBP2.72,12.3%,N,,N,,,UNKNOWN,UNCLEAR,,,,,No supplier accounts configured,
B07HN4DZYJ,"CALLAWAY Men's Gloves Opti Grip (Pack of 2), Black, Large",Callaway,Sports & Outdoors,MAYBE,7.4,GBP22.00,GBP2.10,10.2%,N,,N,,,UNKNOWN,UNCLEAR,,,,,No supplier accounts configured,
B01LX9VZDD,"Nivia Heavy Tennis Ball Cricket Ball, White (6-Pack)",Nivia,Sports & Outdoors,MAYBE-ROI,6.9,GBP28.60,GBP2.97,10.1%,N,,N,,,UNKNOWN,UNCLEAR,,,,,No supplier accounts configured,
B0FL2S5VR3,"HEAD Paw Patrol 21 Junior Tennis Racquet, white",HEAD,Sports & Outdoors,MAYBE-ROI,6.6,GBP26.38,GBP3.93,2.8%,N,,N,,,UNKNOWN,UNCLEAR,,,,,No supplier accounts configured,
B003BK91CE,"Longridge Castle Golf Tees - (Blue, 17mm, 1000 Pieces Bulk)",Longridge,Sports & Outdoors,MAYBE,7.2,GBP22.95,GBP3.26,3.2%,N,,N,,,UNKNOWN,UNCLEAR,,,,,No supplier accounts configured,
B076HM7SCW,FORB Academy Golf Practice Mat [5ft x 3.2ft] | Professional Artificial Turf Hitting Mat with 3 Rubber Tees | Golf Training Aids – 13mm Thickness,FORB,Sports & Outdoors,MAYBE,7.7,GBP49.99,GBP8.82,0.2%,N,,N,,,UNKNOWN,UNCLEAR,,,,,No supplier accounts configured,
B09BZGS9BP,Carlton Nanoblade Tour 2 Player Adult Badminton Set,Carlton,Sports & Outdoors,BRAND APPROACH,7.4,GBP27.99,GBP4.65,0.4%,N,,N,,,UNKNOWN,UNCLEAR,,,,,No supplier accounts configured,
B0DSW5N6YB,HEAD Radical 27 Tennis Racket,HEAD,Sports & Outdoors,BRAND APPROACH,7.2,GBP26.50,GBP4.65,-1.3%,N,,N,,,UNKNOWN,UNCLEAR,,,,,No supplier accounts configured,
B0C2F5BCKK,"Tournament 4 Player Set, BLACK/RED, BLACK/BLUE",Carlton,Sports & Outdoors,MAYBE-ROI,6.9,GBP25.71,GBP4.65,-2.2%,N,,N,,,UNKNOWN,UNCLEAR,,,,,No supplier accounts configured,
B000RG12X6,"Longridge BA5P Pencil Golf Bag, Black/Navy, 5"", One Size",Longridge,Sports & Outdoors,MAYBE-ROI,6.8,GBP23.25,GBP3.93,-0.9%,N,,N,,,UNKNOWN,UNCLEAR,,,,,No supplier accounts configured,
B0DX2JZJ3C,"Wilson Intrigue Jr 25 Tennis Racket, Lightweight Frame for Easy Handling, Performance-Ready Providing Stable Play and Powerful Shots, Arm-Friendly Strings, Colour: Teal/Blue, Size: 25",Wilson,Sports & Outdoors,MAYBE-ROI,6.9,GBP25.99,GBP4.50,-1.0%,N,,N,,,UNKNOWN,UNCLEAR,,,,,No supplier accounts configured,
B0D9X17LRN,"Qivine Tennis Racket Set 2 Players Tennis Training Equipment for Kids Child, Outdoor Sport Activity with 2 Tennis Rackets, 1 Tennis Balls and Carry Bag, Beginner Practice Racquet 21""",Qivine,Sports & Outdoors,MAYBE,7.5,GBP20.99,GBP3.93,-4.2%,N,,N,,,UNKNOWN,UNCLEAR,,,,,No supplier accounts configured,
B07NDWQ5XH,"SMATI Large Transparent Golf Umbrella, Diameter 124cm, Automatic opening, Men/Women Umbrella, For 2 people, Black Border Colour",SMATI,Sports & Outdoors,MAYBE,7.1,GBP22.90,GBP4.35,-4.2%,N,,N,,,UNKNOWN,UNCLEAR,,,,,No supplier accounts configured,
B0DX2KMHXB,"Wilson Champ 90 Badminton Racket, Dynamic Frame For Enhanced Strength, Vibrant Two-Tone Design, Comes Pre-Strung, Colour: Blue/White, Size: 3",Wilson,Sports & Outdoors,MAYBE-ROI,6.9,GBP22.00,GBP4.50,-6.6%,N,,N,,,UNKNOWN,UNCLEAR,,,,,No supplier accounts configured,
B0FL4GRN1R,Wilson Champ Badminton Racket & Racketworld Premium Badminton Carry Case,Generic,Sports & Outdoors,BRAND APPROACH,7.2,GBP25.95,GBP4.50,-1.0%,N,,N,,,UNKNOWN,UNCLEAR,,,,,No supplier accounts configured,
B0CT298VVV,"SPORTNOW 3(m) Badminton Net, Foldable Height Adjustable Outdoor Sports Net with Carry Bag, for Tennis, Badminton, Pickleball, Volleyball, Black and Yellow",SPORTNOW,Sports & Outdoors,MAYBE-ROI,6.6,GBP26.47,GBP4.95,-3.0%,N,,N,,,UNKNOWN,UNCLEAR,,,,,No supplier accounts configured,
B0GKBCP4F8,"Babolat Eagle Tennis Racket, Black/Blue (Available in Grip Size L2 & L3) (L2 (4 1/4""))",Babolat,Sports & Outdoors,BRAND APPROACH,7.5,GBP29.99,GBP17.64,-64.2%,N,,N,,,UNKNOWN,UNCLEAR,,,,,No supplier accounts configured,
