ASIN,Product Name,Brand,Amazon URL,Category,Weight Flag,Verdict,Verdict Reason,Opportunity Lane,Commercial Priority,Lane Reason,Composite Score,Demand Score,Stability Score,Competition Score,Margin Score,Cash Flow Score,Profit Score,Balanced Score,Monthly Gross Profit,Price Compression,Listing Quality,Current Price,Buy Box 90d Avg,Price Stability,Fulfilment Fee,Amazon Fees,Total Amazon Fees,Est Cost 65%,Est Profit,Est ROI %,Max Cost 20% ROI,Breakeven Price,BSR Current,BSR Drops 90d,Bought per Month,Star Rating,Review Count,Brand 1P,FBA Seller Count,Amazon on Listing,Amazon Buy Box Share,Private Label Risk,Brand Seller Match,Fortress Listing,Brand Type,A+ Content Present,Brand Store Present,Category Risk Level,IP Risk Score,IP Risk Band,IP Reason,Gated,SAS Flags,Route Code,Supplier Name,Supplier Website,Supplier Contact,MOQ,Trade Price Found,Trade Price,Real ROI %,Supplier Notes,Outreach Email File,Decision,Decision Score,Decision Reason,Joinability Status,Buy Readiness,Max Buy Price,Target Buy Price,Cost Gap,Margin Status,Action Note,Shortlist Flag
B09TG4W776,Yonex Arcsaber 11 Play Badminton Pre-Strung Racket (Grayish Pearl) (4UG5),YONEX,https://www.amazon.co.uk/dp/B09TG4W776,Sports & Outdoors,OK,MAYBE-ROI,BALANCED | 156/mo | GBP4.53 profit | GBP706.70 monthly gross | stable | 8 sellers,BALANCED,1,BALANCED | GBP706.70/mo | 156/mo | GBP4.53 unit profit | stable | 8 sellers,6.8,10,8,6,1,9,5.2,8.1,GBP707,OK,AVERAGE,GBP49.99,GBP48.49,RISING (3%),GBP4.50,GBP8.47,GBP12.97,GBP32.49,GBP4.53,13.9%,GBP30.85,GBP45.46,14280,78,100,4.1,463,N,8,N,0%,-,NO,NO,ESTABLISHED,NO,UNLIKELY,MEDIUM,2,Low,Established brand | Category MEDIUM risk,-,MAYBE-ROI,UNCLEAR,,,,,N,,,No supplier accounts configured,,NEGOTIATE,72,NEGOTIATE | BALANCED | GBP707.00/mo | low IP risk | - PL risk | rising (3%) | supplier cost missing,Joinable,Cost Needed,GBP30.85,GBP27.77,,Unknown,Contact supplier for cost,Y
B07L19GFPT,"STIGA Royal WRB 3-Star Table Tennis Bat - ITTF Approved, Offensive Bat with WRB System, 5-Ply Blade, 2.0 mm Sponge, Enhanced Speed, Control, and Spin for Skill Development and Game Improvement",STIGA,https://www.amazon.co.uk/dp/B07L19GFPT,Sports & Outdoors,OK,MAYBE-ROI,CASH FLOW | 154/mo | GBP4.33 profit | GBP666.80 monthly gross | stable | 2 sellers,CASH FLOW,1,CASH FLOW | GBP666.80/mo | 154/mo | GBP4.33 unit profit | stable | 2 sellers,6.7,9,8,7,1,7.9,5.3,6.9,GBP667,OK,STRONG,GBP39.91,GBP39.44,STABLE,GBP2.72,GBP6.91,GBP9.63,GBP25.94,GBP4.33,16.7%,GBP25.23,GBP35.58,20666,77,50,4.4,394,N,2,Y,98%,Unlikely,NO,NO,ESTABLISHED,YES,UNLIKELY,MEDIUM,3,Low,Established brand | A+ content | Category MEDIUM risk,-,MAYBE-ROI; AMAZON DOMINANT,UNCLEAR,,,,,N,,,No supplier accounts configured,,NEGOTIATE,71,NEGOTIATE | CASH FLOW | GBP667.00/mo | low IP risk | unlikely PL risk | stable | supplier cost missing,Joinable,Cost Needed,GBP25.23,GBP22.71,,Unknown,Contact supplier for cost,Y
B07TB9Y1BD,"STIGA Vision 4-Star Table Tennis Bat, Black/Red",STIGA,https://www.amazon.co.uk/dp/B07TB9Y1BD,Sports & Outdoors,OK,MAYBE,CASH FLOW | 94/mo | GBP7.05 profit | GBP662.70 monthly gross | stable | 2 sellers,CASH FLOW,1,CASH FLOW | GBP662.70/mo | 94/mo | GBP7.05 unit profit | stable | 2 sellers,7.7,9,10,7,3,8.2,7.1,7.7,GBP663,OK,STRONG,GBP53.78,GBP55.25,SLIGHT DIP (3%),GBP2.72,GBP9.05,GBP11.77,GBP34.96,GBP7.05,20.2%,GBP35.01,GBP46.73,29324,47,0,4.5,110,N,2,Y,99%,Unlikely,NO,NO,ESTABLISHED,YES,UNLIKELY,MEDIUM,3,Low,Established brand | A+ content | Category MEDIUM risk,-,AMAZON DOMINANT,UNCLEAR,,,,,N,,,No supplier accounts configured,,NEGOTIATE,69,NEGOTIATE | CASH FLOW | GBP663.00/mo | low IP risk | unlikely PL risk | slight dip (3%) | supplier cost missing,Joinable,Cost Needed,GBP35.01,GBP31.51,,Unknown,Contact supplier for cost,Y
B0DYVQC2V2,"FORZA Sport Umbrellas | 60"" Double Layered Canopy With a Locking Button For Instant Opening (FORZA Yellow Umberella, Pack of 5)",FORZA,https://www.amazon.co.uk/dp/B0DYVQC2V2,Sports & Outdoors,OK,YES,BALANCED | 30/mo | GBP9.81 profit | GBP294.30 monthly gross | stable | 2 sellers,BALANCED,1,BALANCED | GBP294.30/mo | 30/mo | GBP9.81 unit profit | stable | 2 sellers,9.2,10,10,10,6,8.7,8.6,8.8,GBP294,OK,AVERAGE,GBP53.99,GBP58.96,SLIGHT DIP (8%),GBP0.00,GBP9.09,GBP9.09,GBP35.09,GBP9.81,27.9%,GBP37.42,GBP44.18,11639,15,0,4.6,570,N,2,N,0%,Unlikely,NO,NO,ESTABLISHED,NO,UNLIKELY,MEDIUM,2,Low,Established brand | Category MEDIUM risk,-,,UNCLEAR,,,,,N,,,No supplier accounts configured,,NEGOTIATE,65,NEGOTIATE | BALANCED | GBP294.00/mo | low IP risk | unlikely PL risk | slight dip (8%) | supplier cost missing,Joinable,Review Needed,GBP37.42,GBP33.68,,Unknown,Contact supplier for cost,Y
B0F8VN1PKD,"FORB Divot Board Golf Swing Mat – Real-Time Swing Path Trainer for Golfers | Portable Golf Training Aid for Home, Garden, or Range Practice | Durable, Non-Slip Base | Suitable for All Skill Levels",FORB,https://www.amazon.co.uk/dp/B0F8VN1PKD,Sports & Outdoors,OK,MAYBE,BALANCED | 54/mo | GBP5.11 profit | GBP275.90 monthly gross | stable | 2 sellers,BALANCED,1,BALANCED | GBP275.90/mo | 54/mo | GBP5.11 unit profit | stable | 2 sellers,8.2,8,10,9,5,9,7.9,8.5,GBP276,OK,STRONG,GBP29.99,GBP32.39,SLIGHT DIP (7%),GBP0.00,GBP5.38,GBP5.38,GBP19.49,GBP5.11,26.2%,GBP20.51,GBP24.88,37816,27,0,5.0,7,N,2,N,0%,Unlikely,NO,NO,SYNTHETIC,YES,UNLIKELY,MEDIUM,2,Low,A+ content | Category MEDIUM risk,-,,UNCLEAR,,,,,N,,,No supplier accounts configured,,NEGOTIATE,61,NEGOTIATE | BALANCED | GBP276.00/mo | low IP risk | unlikely PL risk | slight dip (7%) | supplier cost missing,Joinable,Review Needed,GBP20.51,GBP18.46,,Unknown,Contact supplier for cost,Y
B09QF6DYH3,"Titleist StaDry Performance Golf Towel, Black",Titleist,https://www.amazon.co.uk/dp/B09QF6DYH3,Sports & Outdoors,OK,MAYBE,CASH FLOW | 88/mo | GBP4.17 profit | GBP367.00 monthly gross | stable | 2 sellers,CASH FLOW,1,CASH FLOW | GBP367.00/mo | 88/mo | GBP4.17 unit profit | stable | 2 sellers,7.6,10,10,7,1,8.1,5.5,7,GBP367,OK,AVERAGE,GBP40.00,GBP40.00,STABLE,GBP2.91,GBP6.92,GBP9.83,GBP26.00,GBP4.17,16.0%,GBP25.14,GBP35.83,16988,44,0,4.4,87,N,2,Y,100%,Unlikely,NO,NO,ESTABLISHED,YES,UNLIKELY,MEDIUM,3,Low,Established brand | A+ content | Category MEDIUM risk,-,MAYBE-ROI; AMAZON DOMINANT,UNCLEAR,,,,,N,,,No supplier accounts configured,,WATCH,60,WATCH | CASH FLOW | GBP367.00/mo | low IP risk | unlikely PL risk | stable | supplier cost missing,Joinable,Review Needed,GBP25.14,GBP22.63,,Unknown,Review listing safety,N
B09MTS97QP,Wilson US Open Extra Duty Official Tennis Balls - 6 Sealed Tubes of 4 Balls,Wilson,https://www.amazon.co.uk/dp/B09MTS97QP,Sports & Outdoors,OK,MAYBE,BALANCED | 144/mo | GBP5.54 profit | GBP797.80 monthly gross | SQUEEZED | 8 sellers,BALANCED,1,BALANCED | GBP797.80/mo | 144/mo | GBP5.54 unit profit | SQUEEZED | 8 sellers,7.0,10,10,4,1,8.7,5.7,8,GBP798,SQUEEZED,WEAK,GBP49.99,GBP56.00,DROPPING (11%),GBP3.49,GBP8.47,GBP11.96,GBP32.49,GBP5.54,17.0%,GBP31.69,GBP44.45,10986,72,50,4.7,43,N,8,N,0%,-,NO,NO,ESTABLISHED,NO,UNLIKELY,MEDIUM,2,Low,Established brand | Category MEDIUM risk,-,MAYBE-ROI,UNCLEAR,,,,,N,,,No supplier accounts configured,,WATCH,59,WATCH | BALANCED | GBP798.00/mo | low IP risk | - PL risk | dropping (11%) | supplier cost missing,Joinable,Cost Needed,GBP31.69,GBP28.52,,Unknown,Monitor for 7 days,N
B0CYMS1TKX,FORB Chip and Stick Golf Game | Indoor and Outdoor Chipping Mat - Golfing Fun for All the Family [3 Sizes] (Large (120cm x 180cm)),FORB,https://www.amazon.co.uk/dp/B0CYMS1TKX,Sports & Outdoors,HEAVY,MAYBE,BALANCED | 62/mo | GBP6.68 profit | GBP414.20 monthly gross | SQUEEZED | 2 sellers,BALANCED,1,BALANCED | GBP414.20/mo | 62/mo | GBP6.68 unit profit | SQUEEZED | 2 sellers,7.0,4,10,10,4,9,7.8,8.6,GBP414,SQUEEZED,AVERAGE,GBP37.99,GBP42.94,DROPPING (12%),GBP0.00,GBP6.62,GBP6.62,GBP24.69,GBP6.68,27.0%,GBP26.14,GBP31.31,70366,31,0,4.0,29,N,2,N,0%,Unlikely,NO,NO,SYNTHETIC,YES,UNLIKELY,MEDIUM,2,Low,A+ content | Category MEDIUM risk,-,,UNCLEAR,,,,,N,,,No supplier accounts configured,,WATCH,59,WATCH | BALANCED | GBP414.00/mo | low IP risk | unlikely PL risk | dropping (12%) | supplier cost missing,Joinable,Review Needed,GBP26.14,GBP23.53,,Unknown,Review listing safety,N
B07T98XV91,"STIGA Prestige 5-Star Table Tennis Racket – Professional High-Speed Ping Pong Paddle with ITTF-Approved Rubber, 2.0mm Sponge, and WRB Technology – Comfortable Grip, Black / Red",STIGA,https://www.amazon.co.uk/dp/B07T98XV91,Sports & Outdoors,OK,MAYBE,BALANCED | 46/mo | GBP7.42 profit | GBP341.30 monthly gross | SQUEEZED | 4 sellers,BALANCED,1,BALANCED | GBP341.30/mo | 46/mo | GBP7.42 unit profit | SQUEEZED | 4 sellers,7.7,9,10,7,3,8.2,6.9,8,GBP341,SQUEEZED,STRONG,GBP55.70,GBP64.25,DROPPING (13%),GBP2.72,GBP9.35,GBP12.07,GBP36.21,GBP7.42,20.5%,GBP36.36,GBP48.28,27192,23,0,4.4,196,N,4,Y,29%,-,NO,NO,ESTABLISHED,YES,UNLIKELY,MEDIUM,3,Low,Established brand | A+ content | Category MEDIUM risk,-,,UNCLEAR,,,,,N,,,No supplier accounts configured,,WATCH,59,WATCH | BALANCED | GBP341.00/mo | low IP risk | - PL risk | dropping (13%) | supplier cost missing,Joinable,Review Needed,GBP36.36,GBP32.72,,Unknown,Review listing safety,N
B0F5BG54SM,"STIGA Trinity V2 Table Tennis Bat – 3-Star Blade, ITTF-Approved Rubber, Ergonomic Grip – For Offensive Players",STIGA,https://www.amazon.co.uk/dp/B0F5BG54SM,Sports & Outdoors,OK,MAYBE-ROI,CASH FLOW | 68/mo | GBP3.66 profit | GBP248.90 monthly gross | stable | 2 sellers,CASH FLOW,1,CASH FLOW | GBP248.90/mo | 68/mo | GBP3.66 unit profit | stable | 2 sellers,6.7,7,8,10,1,9,5.9,8,GBP249,OK,STRONG,GBP36.44,GBP35.18,RISING (4%),GBP2.72,GBP6.38,GBP9.10,GBP23.69,GBP3.66,15.4%,GBP22.78,GBP32.78,47227,34,0,4.2,24,N,2,Y,3%,Unlikely,NO,NO,ESTABLISHED,YES,UNLIKELY,MEDIUM,3,Low,Established brand | A+ content | Category MEDIUM risk,-,MAYBE-ROI,UNCLEAR,,,,,N,,,No supplier accounts configured,,WATCH,58,WATCH | CASH FLOW | GBP249.00/mo | low IP risk | unlikely PL risk | rising (4%) | supplier cost missing,Joinable,Review Needed,GBP22.78,GBP20.50,,Unknown,Review listing safety,N
B0CRZ8JWGH,"Team Butterfly Champion Table Tennis Bat, Professional Table Tennis Bat for Advanced and Experienced Players, ITTF Approved for Competitions",Butterfly,https://www.amazon.co.uk/dp/B0CRZ8JWGH,Sports & Outdoors,OK,MAYBE-ROI,BALANCED | 42/mo | GBP4.97 profit | GBP208.70 monthly gross | stable | 4 sellers,BALANCED,1,BALANCED | GBP208.70/mo | 42/mo | GBP4.97 unit profit | stable | 4 sellers,6.7,9,8,7,1,8.3,5.9,7.9,GBP209,OK,STRONG,GBP39.99,GBP39.51,STABLE,GBP2.10,GBP6.92,GBP9.02,GBP25.99,GBP4.97,19.1%,GBP25.81,GBP35.02,21351,21,0,4.5,303,N,4,Y,0%,-,NO,NO,GENERIC,YES,UNLIKELY,MEDIUM,2,Low,A+ content | Category MEDIUM risk,-,MAYBE-ROI,UNCLEAR,,,,,N,,,No supplier accounts configured,,WATCH,58,WATCH | BALANCED | GBP209.00/mo | low IP risk | - PL risk | stable | supplier cost missing,Joinable,Review Needed,GBP25.81,GBP23.23,,Unknown,Review listing safety,N
B0DK6YZMN1,"MAZEL Golf Stand Bag 2 Way Divider 2 Pockets,Adjustable Shoulder Straps,Superior 900D Nylon Lightweight Material Pencil Golf Bag for Men Women (Blue)",MAZEL,https://www.amazon.co.uk/dp/B0DK6YZMN1,Sports & Outdoors,OK,MAYBE,BALANCED | 44/mo | GBP4.38 profit | GBP192.70 monthly gross | stable | 2 sellers,BALANCED,2,BALANCED | GBP192.70/mo | 44/mo | GBP4.38 unit profit | stable | 2 sellers,7.3,7,10,10,1,8.9,5.1,7.8,GBP193,OK,STRONG,GBP49.99,GBP52.98,SLIGHT DIP (6%),GBP4.65,GBP8.47,GBP13.12,GBP32.49,GBP4.38,13.5%,GBP30.73,GBP45.61,47233,22,0,4.2,36,N,2,N,0%,Unlikely,NO,NO,SYNTHETIC,YES,UNLIKELY,MEDIUM,2,Low,A+ content | Category MEDIUM risk,-,MAYBE-ROI,UNCLEAR,,,,,N,,,No supplier accounts configured,,WATCH,58,WATCH | BALANCED | GBP193.00/mo | low IP risk | unlikely PL risk | slight dip (6%) | supplier cost missing,Joinable,Review Needed,GBP30.73,GBP27.66,,Unknown,Review listing safety,N
B083Y29SDG,Babolat GOLD ALL COURT TENNIS BALLS - 1 DOZEN,Babolat,https://www.amazon.co.uk/dp/B083Y29SDG,Sports & Outdoors,OK,BRAND APPROACH,BALANCED | 38/mo | GBP4.13 profit | GBP156.90 monthly gross | stable | 2 sellers,BALANCED,2,BALANCED | GBP156.90/mo | 38/mo | GBP4.13 unit profit | stable | 2 sellers,8.0,10,8,8,5,8.2,7.2,7.8,GBP157,OK,WEAK,GBP24.95,GBP23.84,RISING (5%),GBP0.00,GBP4.60,GBP4.60,GBP16.22,GBP4.13,25.5%,GBP16.96,GBP20.82,14823,19,0,4.7,15,N,2,N,0%,Unlikely,NO,NO,ESTABLISHED,NO,UNLIKELY,MEDIUM,2,Low,Established brand | Category MEDIUM risk,-,,UNCLEAR,,,,,N,,,No supplier accounts configured,,WATCH,58,WATCH | BALANCED | GBP157.00/mo | low IP risk | unlikely PL risk | rising (5%) | supplier cost missing,Joinable,Review Needed,GBP16.96,GBP14.96,,Unknown,Review listing safety,N
B0D4M229LM,YONEX Graphite Badminton Racquet Astrox 88 Play Black Silver G5 4U,YONEX,https://www.amazon.co.uk/dp/B0D4M229LM,Sports & Outdoors,OK,BRAND APPROACH,BALANCED | 24/mo | GBP5.31 profit | GBP127.40 monthly gross | SQUEEZED | 2 sellers,BALANCED,2,BALANCED | GBP127.40/mo | 24/mo | GBP5.31 unit profit | SQUEEZED | 2 sellers,7.3,7,10,10,1,7.7,5.7,7.3,GBP127,SQUEEZED,WEAK,GBP53.99,GBP63.19,DROPPING (15%),GBP4.50,GBP9.08,GBP13.58,GBP35.09,GBP5.31,15.1%,GBP33.67,GBP48.68,32349,12,0,4.0,50,N,2,N,0%,Unlikely,NO,NO,ESTABLISHED,NO,UNLIKELY,MEDIUM,2,Low,Established brand | Category MEDIUM risk,-,MAYBE-ROI,UNCLEAR,,,,,N,,,No supplier accounts configured,,WATCH,58,WATCH | BALANCED | GBP127.00/mo | low IP risk | unlikely PL risk | dropping (15%) | supplier cost missing,Joinable,Review Needed,GBP33.67,GBP30.30,,Unknown,Review listing safety,N
B0191ZAD92,FORB Launch Pad Golf Practice Mat – 2ft x 1ft Artificial Turf Hitting Mat – Includes Removable Rubber Tee – Durable Rubber Base – Ideal for Indoor & Outdoor Golf Practice,Nws,https://www.amazon.co.uk/dp/B0191ZAD92,Sports & Outdoors,HEAVY,MAYBE,BALANCED | 16/mo | GBP5.11 profit | GBP81.80 monthly gross | SQUEEZED | 2 sellers,BALANCED,3,BALANCED | GBP81.80/mo | 16/mo | GBP5.11 unit profit | SQUEEZED | 2 sellers,7.6,6,10,10,4,7.3,7.2,7.2,GBP82,SQUEEZED,STRONG,GBP29.99,GBP36.23,DROPPING (17%),GBP0.00,GBP5.38,GBP5.38,GBP19.49,GBP5.11,26.2%,GBP20.51,GBP24.88,41407,8,0,4.1,203,N,2,N,0%,Unlikely,NO,NO,SYNTHETIC,YES,UNLIKELY,MEDIUM,2,Low,A+ content | Category MEDIUM risk,-,,UNCLEAR,,,,,N,,,No supplier accounts configured,,WATCH,58,WATCH | BALANCED | GBP82.00/mo | low IP risk | unlikely PL risk | dropping (17%) | supplier cost missing,Joinable,Review Needed,GBP20.51,GBP18.46,,Unknown,Review listing safety,N
B083DWLRWD,"Vermont Training Tennis Balls – ITF Approved Mini Red (Stage 3), Pack of 12",Vermont,https://www.amazon.co.uk/dp/B083DWLRWD,Sports & Outdoors,OK,YES,BALANCED | 24/mo | GBP4.14 profit | GBP99.40 monthly gross | SQUEEZED | 2 sellers,BALANCED,3,BALANCED | GBP99.40/mo | 24/mo | GBP4.14 unit profit | SQUEEZED | 2 sellers,8.7,9,10,10,5,7.6,6.9,7.1,GBP99,SQUEEZED,STRONG,GBP24.99,GBP29.70,DROPPING (16%),GBP0.00,GBP4.61,GBP4.61,GBP16.24,GBP4.14,25.5%,GBP16.98,GBP20.85,11554,12,0,4.2,124,N,2,N,0%,Unlikely,NO,NO,GENERIC,YES,UNLIKELY,MEDIUM,2,Low,A+ content | Category MEDIUM risk,-,,UNCLEAR,,,,,N,,,No supplier accounts configured,,WATCH,57,WATCH | BALANCED | GBP99.00/mo | low IP risk | unlikely PL risk | dropping (16%) | supplier cost missing,Joinable,Review Needed,GBP16.98,GBP14.98,,Unknown,Review listing safety,N
B0CY5JPKVW,"VERMONT TS100 Table Tennis Table Replacement Parts | Choose from 13 Replacement Parts for Improved Stability, Functionality, and Safety (Leg Support Arm)",Vermont,https://www.amazon.co.uk/dp/B0CY5JPKVW,Sports & Outdoors,OK,MAYBE,PROFIT | 10/mo | GBP6.68 profit | GBP66.80 monthly gross | stable | 2 sellers,PROFIT,3,PROFIT | GBP66.80/mo | lower volume | GBP6.68 unit profit | stable | 2 sellers,7.3,5,10,9,5,7.1,8.1,7.4,GBP67,OK,AVERAGE,GBP37.98,GBP38.83,STABLE,GBP0.00,GBP6.62,GBP6.62,GBP24.69,GBP6.68,27.0%,GBP26.14,GBP31.30,49142,5,0,3.0,1,N,2,N,0%,Unlikely,NO,NO,GENERIC,NO,UNLIKELY,MEDIUM,1,Low,Category MEDIUM risk,-,,UNCLEAR,,,,,N,,,No supplier accounts configured,,WATCH,57,WATCH | PROFIT | GBP67.00/mo | low IP risk | unlikely PL risk | stable | supplier cost missing,Joinable,Review Needed,GBP26.14,GBP23.53,,Unknown,Review listing safety,N
B0FVFDZMNX,adidas Racket Padel Control 3.2 Black,adidas,https://www.amazon.co.uk/dp/B0FVFDZMNX,Sports & Outdoors,OK,MAYBE,CASH FLOW | 60/mo | GBP3.25 profit | GBP195.00 monthly gross | stable | 2 sellers,CASH FLOW,2,CASH FLOW | GBP195.00/mo | 60/mo | GBP3.25 unit profit | stable | 2 sellers,7.7,9,10,9,1,9.2,5.1,8,GBP195,OK,AVERAGE,GBP40.49,GBP44.06,SLIGHT DIP (8%),GBP3.93,GBP7.00,GBP10.93,GBP26.32,GBP3.25,12.3%,GBP24.64,GBP37.24,27960,30,0,4.5,2,N,2,N,0%,Unlikely,NO,NO,ESTABLISHED,NO,UNLIKELY,MEDIUM,2,Low,Established brand | Category MEDIUM risk,-,MAYBE-ROI,UNCLEAR,,,,,N,,,No supplier accounts configured,,WATCH,56,WATCH | CASH FLOW | GBP195.00/mo | low IP risk | unlikely PL risk | slight dip (8%) | supplier cost missing,Joinable,Review Needed,GBP24.64,GBP22.18,,Unknown,Review listing safety,N
B0CSKCMTW5,"Butterfly Ovtcharov Expert Table Tennis Bat, Professional Table Tennis Bat for Advanced & Competition Players, ITTF Approved for Competitions, Extremely Grippy/Sticky Pads for Maximum Spin",Butterfly,https://www.amazon.co.uk/dp/B0CSKCMTW5,Sports & Outdoors,OK,MAYBE,BALANCED | 44/mo | GBP4.27 profit | GBP187.90 monthly gross | stable | 3 sellers,BALANCED,2,BALANCED | GBP187.90/mo | 44/mo | GBP4.27 unit profit | stable | 3 sellers,7.7,9,10,9,1,8.8,5.9,7.9,GBP188,OK,STRONG,GBP40.66,GBP41.41,STABLE,GBP2.94,GBP7.03,GBP9.97,GBP26.43,GBP4.27,16.1%,GBP25.58,GBP36.39,20172,22,0,4.3,70,N,3,Y,0%,-,NO,NO,GENERIC,YES,UNLIKELY,MEDIUM,2,Low,A+ content | Category MEDIUM risk,-,MAYBE-ROI,UNCLEAR,,,,,N,,,No supplier accounts configured,,WATCH,56,WATCH | BALANCED | GBP188.00/mo | low IP risk | - PL risk | stable | supplier cost missing,Joinable,Review Needed,GBP25.58,GBP23.02,,Unknown,Review listing safety,N
B0GQGQN88N,"Lhysn Tennis Racket Storage Rack Stand, Tennis Racket Holder, Tennis Racquet Storage Rack, Tennis Racket Stand Durable and Storable, for Gymnasium Tennis Club (White)",Lhysn,https://www.amazon.co.uk/dp/B0GQGQN88N,Sports & Outdoors,OK,MAYBE,BALANCED | 30/mo | GBP3.53 profit | GBP105.90 monthly gross | stable | 2 sellers,BALANCED,2,BALANCED | GBP105.90/mo | 30/mo | GBP3.53 unit profit | stable | 2 sellers,7.1,7,10,9,1,8.1,5,7.3,GBP106,OK,AVERAGE,GBP39.99,GBP39.99,STABLE,GBP3.54,GBP6.92,GBP10.46,GBP25.99,GBP3.53,13.6%,GBP24.61,GBP36.46,25592,0,0,3.7,8,N,2,N,0%,Unlikely,NO,NO,GENERIC,NO,UNLIKELY,MEDIUM,1,Low,Category MEDIUM risk,-,MAYBE-ROI,UNCLEAR,,,,,N,,,No supplier accounts configured,,WATCH,56,WATCH | BALANCED | GBP106.00/mo | low IP risk | unlikely PL risk | stable | supplier cost missing,Joinable,Review Needed,GBP24.61,GBP22.15,,Unknown,Review listing safety,N
B079RH59WR,Vermont Classic Tour Tennis Balls - ITF Approved Woven Cloth Tennis Ball (3 Tubes / 12 Balls),Vermont,https://www.amazon.co.uk/dp/B079RH59WR,Sports & Outdoors,OK,MAYBE,BALANCED | 20/mo | GBP3.75 profit | GBP75.00 monthly gross | SQUEEZED | 2 sellers,BALANCED,3,BALANCED | GBP75.00/mo | 20/mo | GBP3.75 unit profit | SQUEEZED | 2 sellers,7.8,6,10,10,5,7.3,6.9,6.9,GBP75,SQUEEZED,STRONG,GBP22.99,GBP25.76,DROPPING (11%),GBP0.00,GBP4.30,GBP4.30,GBP14.94,GBP3.75,25.1%,GBP15.57,GBP19.24,48785,10,0,4.4,317,N,2,N,0%,Unlikely,NO,NO,GENERIC,YES,UNLIKELY,MEDIUM,2,Low,A+ content | Category MEDIUM risk,-,,UNCLEAR,,,,,N,,,No supplier accounts configured,,WATCH,56,WATCH | BALANCED | GBP75.00/mo | low IP risk | unlikely PL risk | dropping (11%) | supplier cost missing,Joinable,Review Needed,GBP15.57,GBP13.57,,Unknown,Review listing safety,N
B07XY8M2BT,"Titleist Jet Black Leather Golf Headcover, Fairway, Black/Red",Titleist,https://www.amazon.co.uk/dp/B07XY8M2BT,Sports & Outdoors,OK,BRAND APPROACH,PROFIT | 12/mo | GBP6.07 profit | GBP72.80 monthly gross | stable | 2 sellers,PROFIT,3,PROFIT | GBP72.80/mo | lower volume | GBP6.07 unit profit | stable | 2 sellers,6.8,6,10,9,1,7.1,6.5,7.3,GBP73,OK,WEAK,GBP50.00,GBP50.00,STABLE,GBP2.96,GBP8.47,GBP11.43,GBP32.50,GBP6.07,18.7%,GBP32.14,GBP43.93,42630,6,0,4.0,51,N,2,Y,8%,Unlikely,NO,NO,ESTABLISHED,NO,UNLIKELY,MEDIUM,2,Low,Established brand | Category MEDIUM risk,-,MAYBE-ROI,UNCLEAR,,,,,N,,,No supplier accounts configured,,WATCH,56,WATCH | PROFIT | GBP73.00/mo | low IP risk | unlikely PL risk | stable | supplier cost missing,Joinable,Review Needed,GBP32.14,GBP28.93,,Unknown,Review listing safety,N
B000T21OJU,"Penn Championship Extra Duty Felt Tennis Balls - 6 Cans, 18 Balls",Penn,https://www.amazon.co.uk/dp/B000T21OJU,Sports & Outdoors,OK,BRAND APPROACH,BALANCED | 14/mo | GBP4.88 profit | GBP68.30 monthly gross | stable | 2 sellers,BALANCED,3,BALANCED | GBP68.30/mo | 14/mo | GBP4.88 unit profit | stable | 2 sellers,7.0,6,10,10,1,7,6.2,6.9,GBP68,OK,WEAK,GBP46.56,GBP46.88,STABLE,GBP3.48,GBP7.93,GBP11.41,GBP30.26,GBP4.88,16.1%,GBP29.29,GBP41.68,52749,7,0,4.7,18828,N,2,N,0%,Unlikely,NO,NO,ESTABLISHED,NO,UNLIKELY,MEDIUM,2,Low,Established brand | Category MEDIUM risk,-,MAYBE-ROI,UNCLEAR,,,,,N,,,No supplier accounts configured,,WATCH,56,WATCH | BALANCED | GBP68.00/mo | low IP risk | unlikely PL risk | stable | supplier cost missing,Joinable,Review Needed,GBP29.29,GBP26.36,,Unknown,Review listing safety,N
B09K7VZ2Y5,"Wilson Serena Elite 103 Adults Tennis Racket Black/Gold (Grip 3 (4 3/8""))",Wilson,https://www.amazon.co.uk/dp/B09K7VZ2Y5,Sports & Outdoors,OK,MAYBE-ROI,PROFIT | 6/mo | GBP6.34 profit | GBP38.00 monthly gross | stable | 2 sellers,PROFIT,3,PROFIT | GBP38.00/mo | lower volume | GBP6.34 unit profit | stable | 2 sellers,6.7,5,10,10,1,6,6.5,6.5,GBP38,OK,AVERAGE,GBP59.99,GBP59.80,STABLE,GBP4.65,GBP10.01,GBP14.66,GBP38.99,GBP6.34,16.3%,GBP37.78,GBP53.65,59892,3,0,3.9,26,N,2,N,0%,Unlikely,NO,NO,ESTABLISHED,NO,UNLIKELY,MEDIUM,2,Low,Established brand | Category MEDIUM risk,-,MAYBE-ROI,UNCLEAR,,,,,N,,,No supplier accounts configured,,WATCH,56,WATCH | PROFIT | GBP38.00/mo | low IP risk | unlikely PL risk | stable | supplier cost missing,Joinable,Review Needed,GBP37.78,GBP34.00,,Unknown,Review listing safety,N
B00DGCNSE4,MacWet Mens & Ladies 1 Pair Short Mesh Sports Gloves - Black/White 9.5,MacWet,https://www.amazon.co.uk/dp/B00DGCNSE4,Sports & Outdoors,OK,BRAND APPROACH,PROFIT | 6/mo | GBP6.09 profit | GBP36.50 monthly gross | stable | 2 sellers,PROFIT,3,PROFIT | GBP36.50/mo | lower volume | GBP6.09 unit profit | stable | 2 sellers,6.9,3,10,10,5,6.1,8,6.8,GBP37,OK,WEAK,GBP34.99,GBP34.99,STABLE,GBP0.00,GBP6.15,GBP6.15,GBP22.74,GBP6.09,26.8%,GBP24.03,GBP28.90,61923,3,0,4.5,82,N,2,N,0%,Unlikely,NO,NO,GENERIC,NO,UNLIKELY,MEDIUM,1,Low,Category MEDIUM risk,-,,UNCLEAR,,,,,N,,,No supplier accounts configured,,WATCH,56,WATCH | PROFIT | GBP37.00/mo | low IP risk | unlikely PL risk | stable | supplier cost missing,Joinable,Review Needed,GBP24.03,GBP21.53,,Unknown,Review listing safety,N
B0DTYNKGW8,"Ben Sayers LTE 6"" Pencil Golf Stand Bag | Lightweight Golf Clubs Carry Bag with Dual Shoulder Strap and Lumbar Padding | (Black/Red)",Ben Sayers,https://www.amazon.co.uk/dp/B0DTYNKGW8,Sports & Outdoors,OK,MAYBE,BALANCED | 48/mo | GBP4.00 profit | GBP192.00 monthly gross | stable | 5 sellers,BALANCED,2,BALANCED | GBP192.00/mo | 48/mo | GBP4.00 unit profit | stable | 5 sellers,7.4,10,10,6,1,8.4,4.9,7.6,GBP192,OK,AVERAGE,GBP54.95,GBP56.10,STABLE,GBP6.00,GBP9.23,GBP15.23,GBP35.72,GBP4.00,11.2%,GBP33.10,GBP50.95,12794,24,0,4.6,17,N,5,Y,7%,-,NO,NO,GENERIC,NO,UNLIKELY,MEDIUM,1,Low,Category MEDIUM risk,-,MAYBE-ROI,UNCLEAR,,,,,N,,,No supplier accounts configured,,WATCH,55,WATCH | BALANCED | GBP192.00/mo | low IP risk | - PL risk | stable | supplier cost missing,Joinable,Review Needed,GBP33.10,GBP29.79,,Unknown,Review listing safety,N
B06XGNX9D9,"Callaway FT Launch Zone Golf Hitting Mat with Rubber Backing Golf Putting Mat, Green, 1' x 2'",Izzo,https://www.amazon.co.uk/dp/B06XGNX9D9,Sports & Outdoors,OK,MAYBE,CASH FLOW | 48/mo | GBP3.33 profit | GBP159.80 monthly gross | SQUEEZED | 2 sellers,CASH FLOW,2,CASH FLOW | GBP159.80/mo | 48/mo | GBP3.33 unit profit | SQUEEZED | 2 sellers,7.6,10,10,7,1,6.8,3.9,5.9,GBP160,SQUEEZED,AVERAGE,GBP44.60,GBP51.29,DROPPING (13%),GBP4.65,GBP7.63,GBP12.28,GBP28.99,GBP3.33,11.5%,GBP26.93,GBP41.27,28747,24,0,4.4,2657,N,2,Y,98%,Unlikely,NO,NO,ESTABLISHED,NO,UNLIKELY,MEDIUM,2,Low,Established brand | Category MEDIUM risk,-,MAYBE-ROI; AMAZON DOMINANT,UNCLEAR,,,,,N,,,No supplier accounts configured,,WATCH,55,WATCH | CASH FLOW | GBP160.00/mo | low IP risk | unlikely PL risk | dropping (13%) | supplier cost missing,Joinable,Review Needed,GBP26.93,GBP24.24,,Unknown,Review listing safety,N
B01N24MQXO,"Bender Gloves - Men's Golf Glove, Durable Mesh Material, Unique Golf Gloves Men Right Handed Golfer (Wear On Left)",BG,https://www.amazon.co.uk/dp/B01N24MQXO,Sports & Outdoors,OK,MAYBE,BALANCED | 14/mo | GBP4.97 profit | GBP69.60 monthly gross | stable | 3 sellers,BALANCED,3,BALANCED | GBP69.60/mo | 14/mo | GBP4.97 unit profit | stable | 3 sellers,7.6,8,10,10,1,7,6.2,6.9,GBP70,OK,AVERAGE,GBP38.89,GBP40.84,SLIGHT DIP (5%),GBP1.89,GBP6.75,GBP8.64,GBP25.28,GBP4.97,19.7%,GBP25.21,GBP33.92,38854,7,0,4.4,1040,N,3,N,0%,-,NO,NO,ESTABLISHED,NO,UNLIKELY,MEDIUM,2,Low,Established brand | Category MEDIUM risk,-,MAYBE-ROI,UNCLEAR,,,,,N,,,No supplier accounts configured,,WATCH,55,WATCH | BALANCED | GBP70.00/mo | low IP risk | - PL risk | slight dip (5%) | supplier cost missing,Joinable,Review Needed,GBP25.21,GBP22.69,,Unknown,Review listing safety,N
B072JWP75B,"Tibhar DHS Hurricane 3 Neo Table Tennis rubber (Black),2.15 mm",Tibhar,https://www.amazon.co.uk/dp/B072JWP75B,Sports & Outdoors,OK,BRAND APPROACH,CASH FLOW | 92/mo | GBP2.47 profit | GBP227.20 monthly gross | stable | 3 sellers,CASH FLOW,1,CASH FLOW | GBP227.20/mo | 92/mo | GBP2.47 unit profit | stable | 3 sellers,6.9,9,8,9,0,9.3,4.3,7.6,GBP227,OK,WEAK,GBP26.99,GBP26.68,STABLE,GBP2.06,GBP4.92,GBP6.98,GBP17.54,GBP2.47,14.1%,GBP16.68,GBP24.52,23886,46,0,4.2,67,N,3,N,0%,-,NO,NO,GENERIC,NO,UNLIKELY,MEDIUM,1,Low,Category MEDIUM risk,-,MAYBE-ROI,UNCLEAR,,,,,N,,,No supplier accounts configured,,WATCH,54,WATCH | CASH FLOW | GBP227.00/mo | low IP risk | - PL risk | stable | supplier cost missing,Joinable,Review Needed,GBP16.68,GBP15.01,,Unknown,Review listing safety,N
B0CD824C2J,YONEX Badminton KITBAG SUNR 23015 BT5 (Black Yellow),YONEX,https://www.amazon.co.uk/dp/B0CD824C2J,Sports & Outdoors,OK,MAYBE-ROI,CASH FLOW | 58/mo | GBP3.31 profit | GBP192.00 monthly gross | stable | 3 sellers,CASH FLOW,2,CASH FLOW | GBP192.00/mo | 58/mo | GBP3.31 unit profit | stable | 3 sellers,6.8,8,8,9,1,8.5,4.9,7.6,GBP192,OK,AVERAGE,GBP44.49,GBP43.85,STABLE,GBP4.65,GBP7.61,GBP12.26,GBP28.92,GBP3.31,11.4%,GBP26.86,GBP41.18,34827,29,0,4.2,223,N,3,N,0%,-,NO,NO,ESTABLISHED,NO,UNLIKELY,MEDIUM,2,Low,Established brand | Category MEDIUM risk,-,MAYBE-ROI,UNCLEAR,,,,,N,,,No supplier accounts configured,,WATCH,54,WATCH | CASH FLOW | GBP192.00/mo | low IP risk | - PL risk | stable | supplier cost missing,Joinable,Review Needed,GBP26.86,GBP24.17,,Unknown,Review listing safety,N
B01H3S1L6S,Conwy Kayak Folding Kayak Trolley Cart K1 60kg Load Puncture Proof Flat Free Wheels for Canadian Canoe SUP Paddle Board Transport Carry Accessories,Conwy Kayak,https://www.amazon.co.uk/dp/B01H3S1L6S,Sports & Outdoors,OK,MAYBE,BALANCED | 38/mo | GBP3.43 profit | GBP130.30 monthly gross | stable | 3 sellers,BALANCED,2,BALANCED | GBP130.30/mo | 38/mo | GBP3.43 unit profit | stable | 3 sellers,7.7,9,10,9,1,8.4,5,7.5,GBP130,OK,STRONG,GBP44.99,GBP44.99,STABLE,GBP5.55,GBP6.77,GBP12.32,GBP29.24,GBP3.43,11.7%,GBP27.23,GBP41.56,26618,19,0,4.1,471,N,3,N,0%,-,NO,NO,GENERIC,YES,UNLIKELY,MEDIUM,2,Low,A+ content | Category MEDIUM risk,-,MAYBE-ROI,UNCLEAR,,,,,N,,,No supplier accounts configured,,WATCH,54,WATCH | BALANCED | GBP130.00/mo | low IP risk | - PL risk | stable | supplier cost missing,Joinable,Review Needed,GBP27.23,GBP24.51,,Unknown,Review listing safety,N
B0CB5RLM6V,"GYMAX Tennis Ball Cart, Foldable Tennis Balls Hopper Basket with Wheels, Side Pockets & Carry Bag, 150 Ball Capacity Available, Lightweight Tennis Teaching Cart",GYMAX,https://www.amazon.co.uk/dp/B0CB5RLM6V,Sports & Outdoors,OK,MAYBE,BALANCED | 24/mo | GBP3.10 profit | GBP74.40 monthly gross | stable | 2 sellers,BALANCED,3,BALANCED | GBP74.40/mo | 24/mo | GBP3.10 unit profit | stable | 2 sellers,7.2,8,10,8,1,6.7,4.6,6.1,GBP74,OK,STRONG,GBP44.99,GBP46.22,SLIGHT DIP (3%),GBP4.95,GBP7.69,GBP12.64,GBP29.24,GBP3.10,10.6%,GBP26.95,GBP41.89,21992,12,0,5.0,3,N,2,Y,58%,Unlikely,NO,NO,SYNTHETIC,YES,UNLIKELY,MEDIUM,2,Low,A+ content | Category MEDIUM risk,-,MAYBE-ROI,UNCLEAR,,,,,N,,,No supplier accounts configured,,WATCH,54,WATCH | BALANCED | GBP74.00/mo | low IP risk | unlikely PL risk | slight dip (3%) | supplier cost missing,Joinable,Review Needed,GBP26.95,GBP24.25,,Unknown,Review listing safety,N
B0FLDGXR8G,"STIGA Club Cybershape Table Tennis Bat – Beginner Table Tennis Bat with 5-Ply Wood Blade, STAR Club Rubber & Large Sweet Spot – Learn Proper Technique from Day One",STIGA,https://www.amazon.co.uk/dp/B0FLDGXR8G,Sports & Outdoors,OK,MAYBE-ROI,CASH FLOW | 48/mo | GBP2.10 profit | GBP100.80 monthly gross | SQUEEZED | 2 sellers,CASH FLOW,3,CASH FLOW | GBP100.80/mo | 48/mo | GBP2.10 unit profit | SQUEEZED | 2 sellers,6.6,8,10,6,0,6.4,3.1,5.1,GBP101,SQUEEZED,STRONG,GBP25.32,GBP28.51,DROPPING (11%),GBP2.10,GBP4.66,GBP6.76,GBP16.46,GBP2.10,12.8%,GBP15.47,GBP23.22,32035,24,0,4.3,16,N,2,Y,100%,Unlikely,NO,NO,ESTABLISHED,YES,UNLIKELY,MEDIUM,3,Low,Established brand | A+ content | Category MEDIUM risk,-,MAYBE-ROI; AMAZON DOMINANT,UNCLEAR,,,,,N,,,No supplier accounts configured,,WATCH,53,WATCH | CASH FLOW | GBP101.00/mo | low IP risk | unlikely PL risk | dropping (11%) | supplier cost missing,Joinable,Review Needed,GBP15.47,GBP13.92,,Unknown,Review listing safety,N
B012WAQVYE,NITTAKU 3-stars Premium 40+ Table Tennis Ball (Pack of 12 balls),NITTAKU,https://www.amazon.co.uk/dp/B012WAQVYE,Sports & Outdoors,OK,MAYBE,BALANCED | 36/mo | GBP2.66 profit | GBP95.80 monthly gross | SQUEEZED | 3 sellers,BALANCED,3,BALANCED | GBP95.80/mo | 36/mo | GBP2.66 unit profit | SQUEEZED | 3 sellers,7.7,9,10,10,0,7.7,3.9,6.4,GBP96,SQUEEZED,AVERAGE,GBP32.47,GBP36.64,DROPPING (11%),GBP2.94,GBP5.77,GBP8.71,GBP21.11,GBP2.66,12.6%,GBP19.80,GBP29.81,33344,18,0,4.6,895,N,3,N,0%,-,NO,NO,ESTABLISHED,NO,UNLIKELY,MEDIUM,2,Low,Established brand | Category MEDIUM risk,-,MAYBE-ROI,UNCLEAR,,,,,N,,,No supplier accounts configured,,WATCH,52,WATCH | BALANCED | GBP96.00/mo | low IP risk | - PL risk | dropping (11%) | supplier cost missing,Joinable,Review Needed,GBP19.80,GBP17.80,,Unknown,Review listing safety,N
B0B31KRZYZ,"Titleist Players Flex Golf Glove, Men's, Left Hand (Right Hand Golfer), Large",Titleist,https://www.amazon.co.uk/dp/B0B31KRZYZ,Sports & Outdoors,OK,MAYBE-ROI,CASH FLOW | 28/mo | GBP1.67 profit | GBP46.80 monthly gross | stable | 2 sellers,CASH FLOW,3,CASH FLOW | GBP46.80/mo | 28/mo | GBP1.67 unit profit | stable | 2 sellers,6.9,9,10,6,0,5.8,3.3,4.5,GBP47,OK,AVERAGE,GBP22.00,GBP22.00,STABLE,GBP1.88,GBP4.15,GBP6.03,GBP14.30,GBP1.67,11.7%,GBP13.31,GBP20.33,17573,14,0,4.5,48,N,2,Y,100%,Unlikely,NO,NO,ESTABLISHED,YES,UNLIKELY,MEDIUM,3,Low,Established brand | A+ content | Category MEDIUM risk,-,MAYBE-ROI; AMAZON DOMINANT,UNCLEAR,,,,,N,,,No supplier accounts configured,,WATCH,52,WATCH | CASH FLOW | GBP47.00/mo | low IP risk | unlikely PL risk | stable | supplier cost missing,Joinable,Review Needed,GBP13.31,GBP11.81,,Unknown,Review listing safety,N
B0FNFVR5G3,Bridgestone Golf Tour B RXS White,Bridgestone Golf,https://www.amazon.co.uk/dp/B0FNFVR5G3,Sports & Outdoors,OK,MAYBE-ROI,MAYBE-ROI | 8/mo | GBP4.13 profit | GBP33.00 monthly gross | COMPRESSED | 3 sellers | needs trade under GBP25.08,UNASSIGNED,4,UNASSIGNED | below lane thresholds,6.7,7,10,7,1,4.4,4.6,4.6,GBP33,COMPRESSED,AVERAGE,GBP39.95,GBP53.11,DROPPING (25%),GBP2.94,GBP6.91,GBP9.85,GBP25.97,GBP4.13,15.9%,GBP25.08,GBP35.82,32303,4,0,5.0,4,N,3,N,0%,-,NO,NO,GENERIC,NO,UNLIKELY,MEDIUM,1,Low,Category MEDIUM risk,-,MAYBE-ROI,UNCLEAR,,,,,N,,,No supplier accounts configured,,WATCH,47,WATCH | UNASSIGNED | GBP33.00/mo | low IP risk | - PL risk | dropping (25%) | supplier cost missing,Joinable,Review Needed,GBP25.08,GBP22.57,,Unknown,Review listing safety,N
B09XBQBH4P,Benross Golf 4 Pocket 49-55” Junior Lightweight Waterproof Green Stand Bag,BENROSS,https://www.amazon.co.uk/dp/B09XBQBH4P,Sports & Outdoors,OK,BRAND APPROACH,BRAND APPROACH | 8/mo | GBP3.33 profit | GBP26.60 monthly gross | stable | 2 sellers | weak listing 3 imgs,UNASSIGNED,4,UNASSIGNED | below lane thresholds,6.5,5,10,9,1,5.5,4.8,5.5,GBP27,OK,WEAK,GBP49.99,GBP49.99,STABLE,GBP5.70,GBP8.47,GBP14.17,GBP32.49,GBP3.33,10.2%,GBP29.85,GBP46.66,56765,4,0,4.7,4,N,2,N,0%,Unlikely,NO,NO,SYNTHETIC,NO,UNLIKELY,MEDIUM,1,Low,Category MEDIUM risk,-,MAYBE-ROI,UNCLEAR,,,,,N,,,No supplier accounts configured,,WATCH,47,WATCH | UNASSIGNED | GBP27.00/mo | low IP risk | unlikely PL risk | stable | supplier cost missing,Joinable,Review Needed,GBP29.85,GBP26.87,,Unknown,Review listing safety,N
B08YRX48N9,"Wilson Federer Junior Tennis Racket, Protective Cover & Tennis Balls (19"", 21"", 23"", 25"" & 26"") (25"" + Balls)",Wilson,https://www.amazon.co.uk/dp/B08YRX48N9,Sports & Outdoors,OK,BRAND APPROACH,BRAND APPROACH | 6/mo | GBP3.25 profit | GBP19.50 monthly gross | stable | 2 sellers | weak listing 1 imgs,UNASSIGNED,4,UNASSIGNED | below lane thresholds,6.6,6,10,8,1,5.2,4.8,5.3,GBP20,OK,WEAK,GBP44.99,GBP45.05,STABLE,GBP4.80,GBP7.69,GBP12.49,GBP29.24,GBP3.25,11.1%,GBP27.08,GBP41.74,45131,3,0,4.1,17,N,2,N,0%,Unlikely,NO,NO,ESTABLISHED,NO,UNLIKELY,MEDIUM,2,Low,Established brand | Category MEDIUM risk,-,MAYBE-ROI,UNCLEAR,,,,,N,,,No supplier accounts configured,,WATCH,47,WATCH | UNASSIGNED | GBP20.00/mo | low IP risk | unlikely PL risk | stable | supplier cost missing,Joinable,Review Needed,GBP27.08,GBP24.37,,Unknown,Review listing safety,N
B0FXGMCLWH,"Butterfly Timo Boll Comfort Table Tennis Racket Control Ping Pong Bat with Spryer 1.7mm Rubber, 5-Ply Blade, Lightweight Design for Beginners, Youth & Players with Small Hands",Butterfly,https://www.amazon.co.uk/dp/B0FXGMCLWH,Sports & Outdoors,OK,MAYBE-ROI,MAYBE-ROI | 8/mo | GBP2.39 profit | GBP19.10 monthly gross | stable | 2 sellers | needs trade under GBP18.24,UNASSIGNED,4,UNASSIGNED | below lane thresholds,6.6,8,10,6,0,3.7,3.5,3.4,GBP19,OK,AVERAGE,GBP29.99,GBP29.99,STABLE,GBP2.72,GBP5.38,GBP8.10,GBP19.49,GBP2.39,12.3%,GBP18.24,GBP27.60,22514,4,0,0.0,0,N,2,Y,100%,Unlikely,NO,NO,GENERIC,NO,UNLIKELY,MEDIUM,1,Low,Category MEDIUM risk,-,MAYBE-ROI; AMAZON DOMINANT,UNCLEAR,,,,,N,,,No supplier accounts configured,,WATCH,47,WATCH | UNASSIGNED | GBP19.00/mo | low IP risk | unlikely PL risk | stable | supplier cost missing,Joinable,Review Needed,GBP18.24,GBP16.42,,Unknown,Review listing safety,N
B01LX9VZDD,"Nivia Heavy Tennis Ball Cricket Ball, White (6-Pack)",Nivia,https://www.amazon.co.uk/dp/B01LX9VZDD,Sports & Outdoors,OK,MAYBE-ROI,MAYBE-ROI | 2/mo | GBP1.88 profit | GBP3.80 monthly gross | stable | 2 sellers | needs trade under GBP17.06,UNASSIGNED,4,UNASSIGNED | below lane thresholds,6.9,7,10,9,0,3.5,3.7,3.3,GBP4,OK,AVERAGE,GBP28.60,GBP28.60,STABLE,GBP2.97,GBP5.16,GBP8.13,GBP18.59,GBP1.88,10.1%,GBP17.05,GBP26.72,36118,1,0,4.3,897,N,2,N,0%,Unlikely,NO,NO,ESTABLISHED,YES,UNLIKELY,MEDIUM,3,Low,Established brand | A+ content | Category MEDIUM risk,-,MAYBE-ROI,UNCLEAR,,,,,N,,,No supplier accounts configured,,WATCH,46,WATCH | UNASSIGNED | GBP4.00/mo | low IP risk | unlikely PL risk | stable | supplier cost missing,Joinable,Review Needed,GBP17.05,GBP15.35,,Unknown,Review listing safety,N
B07HN4DZYJ,"CALLAWAY Men's Gloves Opti Grip (Pack of 2), Black, Large",Callaway,https://www.amazon.co.uk/dp/B07HN4DZYJ,Sports & Outdoors,OK,MAYBE,MAYBE | 8/mo | GBP1.45 profit | GBP11.60 monthly gross | stable | 2 sellers | ROI 10%,UNASSIGNED,4,UNASSIGNED | below lane thresholds,7.4,8,10,10,0,4.9,3.8,4.2,GBP12,OK,AVERAGE,GBP22.00,GBP22.00,STABLE,GBP2.10,GBP4.15,GBP6.25,GBP14.30,GBP1.45,10.2%,GBP13.13,GBP20.55,35929,4,0,4.5,718,N,2,N,0%,Unlikely,NO,NO,ESTABLISHED,YES,UNLIKELY,MEDIUM,3,Low,Established brand | A+ content | Category MEDIUM risk,-,MAYBE-ROI,UNCLEAR,,,,,N,,,No supplier accounts configured,,WATCH,45,WATCH | UNASSIGNED | GBP12.00/mo | low IP risk | unlikely PL risk | stable | supplier cost missing,Joinable,Review Needed,GBP13.13,GBP11.82,,Unknown,Review listing safety,N
B09H3DLLRZ,Fulton Titan 1 Black Golf Umbrella,Fulton,https://www.amazon.co.uk/dp/B09H3DLLRZ,Sports & Outdoors,OK,MAYBE-ROI,CASH FLOW | 194/mo | GBP1.63 profit | GBP316.20 monthly gross | stable | 5 sellers,CASH FLOW,1,CASH FLOW | GBP316.20/mo | 194/mo | GBP1.63 unit profit | stable | 5 sellers,6.5,9,10,4,0,7.7,2.5,5.8,GBP316,OK,STRONG,GBP35.17,GBP36.19,SLIGHT DIP (3%),GBP4.50,GBP6.18,GBP10.68,GBP22.86,GBP1.63,7.1%,GBP20.41,GBP33.54,21937,97,50,4.3,84,N,5,Y,80%,-,NO,NO,GENERIC,YES,UNLIKELY,MEDIUM,2,Low,A+ content | Category MEDIUM risk,-,MAYBE-ROI; AMAZON DOMINANT,UNCLEAR,,,,,N,,,No supplier accounts configured,,KILL,35,KILL | CASH FLOW | GBP316.00/mo | low IP risk | - PL risk | slight dip (3%) | supplier cost missing,Joinable,Reject,GBP20.41,GBP18.37,,Fail,Avoid listing,N
B00RZTV5B2,"Wilson Tour Slam Adult Recreational Tennis Racket - Grip Size 3-4 3/8"", Grey/Green",Wilson,https://www.amazon.co.uk/dp/B00RZTV5B2,Sports & Outdoors,OK,MAYBE,CASH FLOW | 84/mo | GBP2.42 profit | GBP203.30 monthly gross | stable | 4 sellers,CASH FLOW,1,CASH FLOW | GBP203.30/mo | 84/mo | GBP2.42 unit profit | stable | 4 sellers,7.3,9,10,8,0,9.4,3.6,7.5,GBP203,OK,AVERAGE,GBP39.95,GBP39.95,STABLE,GBP4.65,GBP6.91,GBP11.56,GBP25.97,GBP2.42,9.3%,GBP23.66,GBP37.53,32633,42,0,4.6,3241,N,4,N,0%,-,NO,NO,ESTABLISHED,NO,UNLIKELY,MEDIUM,2,Low,Established brand | Category MEDIUM risk,-,MAYBE-ROI,UNCLEAR,,,,,N,,,No supplier accounts configured,,KILL,35,KILL | CASH FLOW | GBP203.00/mo | low IP risk | - PL risk | stable | supplier cost missing,Joinable,Reject,GBP23.66,GBP21.29,,Fail,Avoid listing,N
B00I14X9PU,"WILSON FBA_wrz601403 Advantage II Tennis Bag-Black/White, 2 Racquet",Wilson,https://www.amazon.co.uk/dp/B00I14X9PU,Sports & Outdoors,OK,MAYBE-ROI,CASH FLOW | 76/mo | GBP2.42 profit | GBP183.90 monthly gross | stable | 5 sellers,CASH FLOW,2,CASH FLOW | GBP183.90/mo | 76/mo | GBP2.42 unit profit | stable | 5 sellers,6.8,10,8,7,0,8.6,3.2,7,GBP184,OK,AVERAGE,GBP39.95,GBP39.45,STABLE,GBP4.65,GBP6.91,GBP11.56,GBP25.97,GBP2.42,9.3%,GBP23.66,GBP37.53,15837,38,0,4.3,1701,N,5,N,0%,-,NO,NO,ESTABLISHED,YES,UNLIKELY,MEDIUM,3,Low,Established brand | A+ content | Category MEDIUM risk,-,MAYBE-ROI,UNCLEAR,,,,,N,,,No supplier accounts configured,,KILL,35,KILL | CASH FLOW | GBP184.00/mo | low IP risk | - PL risk | stable | supplier cost missing,Joinable,Reject,GBP23.66,GBP21.29,,Fail,Avoid listing,N
B085QMVTBX,HEAD TOUR XT TENNIS BALL PREMIUM PERFORMANCE TENNIS BALLS,HEAD,https://www.amazon.co.uk/dp/B085QMVTBX,Sports & Outdoors,OK,BRAND APPROACH,CASH FLOW | 96/mo | GBP1.85 profit | GBP177.60 monthly gross | stable | 2 sellers,CASH FLOW,2,CASH FLOW | GBP177.60/mo | 96/mo | GBP1.85 unit profit | stable | 2 sellers,6.5,10,5,10,0,8.8,2.8,6.9,GBP178,OK,WEAK,GBP29.95,GBP26.17,SURGING (14%),GBP3.26,GBP5.37,GBP8.63,GBP19.47,GBP1.85,9.5%,GBP17.77,GBP28.10,16615,48,0,4.4,50,N,2,N,0%,Unlikely,NO,NO,ESTABLISHED,NO,UNLIKELY,MEDIUM,2,Low,Established brand | Category MEDIUM risk,-,MAYBE-ROI,UNCLEAR,,,,,N,,,No supplier accounts configured,,KILL,35,KILL | CASH FLOW | GBP178.00/mo | low IP risk | unlikely PL risk | surging (14%) | supplier cost missing,Joinable,Reject,GBP17.77,GBP15.99,,Fail,Avoid listing,N
B0DGXS1ZCB,"SPORTNOW 5M Portable Badminton Set, Height Adjustable Tennis Volleyball Net with 3 Shuttlecocks, 4 Rackets and with Carry Bag, Multi-Sports Badminton Net for Indoor Outdoor, Garden, Beach Games",SPORTNOW,https://www.amazon.co.uk/dp/B0DGXS1ZCB,Sports & Outdoors,HEAVY,MAYBE-ROI,CASH FLOW | 78/mo | GBP1.67 profit | GBP130.30 monthly gross | stable | 2 sellers,CASH FLOW,2,CASH FLOW | GBP130.30/mo | 78/mo | GBP1.67 unit profit | stable | 2 sellers,6.7,9,8,8,0,8.6,2.9,6.7,GBP130,OK,STRONG,GBP39.96,GBP39.51,STABLE,GBP5.40,GBP6.91,GBP12.31,GBP25.97,GBP1.67,6.4%,GBP23.04,GBP38.29,20541,39,0,4.6,16,N,2,Y,47%,Unlikely,NO,NO,SYNTHETIC,YES,UNLIKELY,MEDIUM,2,Low,A+ content | Category MEDIUM risk,-,MAYBE-ROI,UNCLEAR,,,,,N,,,No supplier accounts configured,,KILL,35,KILL | CASH FLOW | GBP130.00/mo | low IP risk | unlikely PL risk | stable | supplier cost missing,Joinable,Reject,GBP23.04,GBP20.74,,Fail,Avoid listing,N
B08DKYPBBH,"Wilson Tour Slam Adults Tennis Racket - Grey/Green (Grip 3 (4 3/8""))",Wilson,https://www.amazon.co.uk/dp/B08DKYPBBH,Sports & Outdoors,OK,BRAND APPROACH,CASH FLOW | 58/mo | GBP2.23 profit | GBP129.30 monthly gross | stable | 2 sellers,CASH FLOW,2,CASH FLOW | GBP129.30/mo | 58/mo | GBP2.23 unit profit | stable | 2 sellers,7.4,8,10,10,0,8.8,3.6,7.1,GBP129,OK,WEAK,GBP38.99,GBP39.60,STABLE,GBP4.65,GBP6.77,GBP11.42,GBP25.34,GBP2.23,8.8%,GBP22.98,GBP36.76,30913,29,0,4.4,48,N,2,N,0%,Unlikely,NO,NO,ESTABLISHED,NO,UNLIKELY,MEDIUM,2,Low,Established brand | Category MEDIUM risk,-,MAYBE-ROI,UNCLEAR,,,,,N,,,No supplier accounts configured,,KILL,35,KILL | CASH FLOW | GBP129.00/mo | low IP risk | unlikely PL risk | stable | supplier cost missing,Joinable,Reject,GBP22.98,GBP20.68,,Fail,Avoid listing,N
B01BOU7868,Wilson Advantage Team Triple Racket Bag - Red,Wilson,https://www.amazon.co.uk/dp/B01BOU7868,Sports & Outdoors,OK,MAYBE,CASH FLOW | 46/mo | GBP2.57 profit | GBP118.20 monthly gross | stable | 4 sellers,CASH FLOW,2,CASH FLOW | GBP118.20/mo | 46/mo | GBP2.57 unit profit | stable | 4 sellers,7.1,9,10,7,0,8.2,3.3,6.7,GBP118,OK,AVERAGE,GBP39.95,GBP41.10,SLIGHT DIP (3%),GBP4.50,GBP6.92,GBP11.42,GBP25.97,GBP2.57,9.9%,GBP23.78,GBP37.38,33554,23,0,4.4,1152,N,4,N,0%,-,NO,NO,ESTABLISHED,YES,UNLIKELY,MEDIUM,3,Low,Established brand | A+ content | Category MEDIUM risk,-,MAYBE-ROI,UNCLEAR,,,,,N,,,No supplier accounts configured,,KILL,35,KILL | CASH FLOW | GBP118.00/mo | low IP risk | - PL risk | slight dip (3%) | supplier cost missing,Joinable,Reject,GBP23.78,GBP21.40,,Fail,Avoid listing,N
B0DFQBWF8X,Wilson POWER ULTRA 112 XL Tennis Racket 24PK Blue/White L2,Wilson,https://www.amazon.co.uk/dp/B0DFQBWF8X,Sports & Outdoors,OK,MAYBE,CASH FLOW | 54/mo | GBP1.98 profit | GBP106.90 monthly gross | stable | 3 sellers,CASH FLOW,2,CASH FLOW | GBP106.90/mo | 54/mo | GBP1.98 unit profit | stable | 3 sellers,7.0,10,8,8,0,8,2.9,6.4,GBP107,OK,AVERAGE,GBP36.95,GBP35.96,RISING (3%),GBP4.50,GBP6.45,GBP10.95,GBP24.02,GBP1.98,8.3%,GBP21.67,GBP34.97,17001,27,0,4.3,8,N,3,N,0%,-,NO,NO,ESTABLISHED,NO,UNLIKELY,MEDIUM,2,Low,Established brand | Category MEDIUM risk,-,MAYBE-ROI,UNCLEAR,,,,,N,,,No supplier accounts configured,,KILL,35,KILL | CASH FLOW | GBP107.00/mo | low IP risk | - PL risk | rising (3%) | supplier cost missing,Joinable,Reject,GBP21.67,GBP19.50,,Fail,Avoid listing,N
B0DWTBDK55,Hy-Pro Table Tennis Set with Bats – Complete Ping Pong Set with 3 Star Table Tennis Balls and 4 Multi-ply Bats - Ideal Ping Pong Bat Kit with Portable Paddle Carry Case for Home or Outdoor Play,Hy-Pro,https://www.amazon.co.uk/dp/B0DWTBDK55,Sports & Outdoors,OK,MAYBE-ROI,CASH FLOW | 110/mo | GBP0.96 profit | GBP105.60 monthly gross | stable | 2 sellers,CASH FLOW,2,CASH FLOW | GBP105.60/mo | 110/mo | GBP0.96 unit profit | stable | 2 sellers,6.8,8,10,7,0,7.7,2.3,5.4,GBP106,OK,STRONG,GBP26.60,GBP26.87,STABLE,GBP3.49,GBP4.86,GBP8.35,GBP17.29,GBP0.96,5.6%,GBP15.21,GBP25.64,32468,55,0,4.5,46,N,2,Y,98%,Unlikely,NO,NO,GENERIC,YES,UNLIKELY,MEDIUM,2,Low,A+ content | Category MEDIUM risk,-,MAYBE-ROI; AMAZON DOMINANT,UNCLEAR,,,,,N,,,No supplier accounts configured,,KILL,35,KILL | CASH FLOW | GBP106.00/mo | low IP risk | unlikely PL risk | stable | supplier cost missing,Joinable,Reject,GBP15.21,GBP13.69,,Fail,Avoid listing,N
B0FQK28Y6X,"Carlton Nanomax Pro Ti Badminton Set, 4 Player Set with Rackets, Carry Cover, Shuttles, Net & Posts for instant play.",Carlton,https://www.amazon.co.uk/dp/B0FQK28Y6X,Sports & Outdoors,OK,BRAND APPROACH,CASH FLOW | 46/mo | GBP2.23 profit | GBP102.60 monthly gross | stable | 2 sellers,CASH FLOW,2,CASH FLOW | GBP102.60/mo | 46/mo | GBP2.23 unit profit | stable | 2 sellers,6.6,6,10,9,0,8.4,3.4,6.9,GBP103,OK,WEAK,GBP38.99,GBP39.26,STABLE,GBP4.65,GBP6.77,GBP11.42,GBP25.34,GBP2.23,8.8%,GBP22.98,GBP36.76,55025,23,0,5.0,1,N,2,N,0%,Unlikely,NO,NO,ESTABLISHED,NO,UNLIKELY,MEDIUM,2,Low,Established brand | Category MEDIUM risk,-,MAYBE-ROI,UNCLEAR,,,,,N,,,No supplier accounts configured,,KILL,35,KILL | CASH FLOW | GBP103.00/mo | low IP risk | unlikely PL risk | stable | supplier cost missing,Joinable,Reject,GBP22.98,GBP20.68,,Fail,Avoid listing,N
B0D4LND3T1,YONEX Badminton Racquet NANOFLARE Speed 7 Blue G4 4U,YONEX,https://www.amazon.co.uk/dp/B0D4LND3T1,Sports & Outdoors,OK,MAYBE,CASH FLOW | 118/mo | GBP0.82 profit | GBP96.80 monthly gross | stable | 4 sellers,CASH FLOW,3,CASH FLOW | GBP96.80/mo | 118/mo | GBP0.82 unit profit | stable | 4 sellers,7.0,10,8,8,0,8.8,2.4,6.5,GBP97,OK,AVERAGE,GBP31.00,GBP30.49,STABLE,GBP4.50,GBP5.53,GBP10.03,GBP20.15,GBP0.82,4.0%,GBP17.47,GBP30.18,15006,59,50,4.2,220,N,4,N,0%,-,NO,NO,ESTABLISHED,NO,UNLIKELY,MEDIUM,2,Low,Established brand | Category MEDIUM risk,-,MAYBE-ROI,UNCLEAR,,,,,N,,,No supplier accounts configured,,KILL,35,KILL | CASH FLOW | GBP97.00/mo | low IP risk | - PL risk | stable | supplier cost missing,Joinable,Reject,GBP17.47,GBP15.72,,Fail,Avoid listing,N
B09S6HFTT7,FORB Portable Garden Golf Net 7ft x 7ft – Durable Pop-Up Net for Home Practice – Versatile for Multiple Ball Sports – Easy Assembly with Carry Bag,FORB,https://www.amazon.co.uk/dp/B09S6HFTT7,Sports & Outdoors,HEAVY,MAYBE,CASH FLOW | 84/mo | GBP1.11 profit | GBP93.20 monthly gross | SQUEEZED | 2 sellers,CASH FLOW,3,CASH FLOW | GBP93.20/mo | 84/mo | GBP1.11 unit profit | SQUEEZED | 2 sellers,7.7,9,10,10,0,8.8,2.2,6.3,GBP93,SQUEEZED,STRONG,GBP47.99,GBP58.78,DROPPING (18%),GBP7.39,GBP8.30,GBP15.69,GBP31.19,GBP1.11,3.5%,GBP26.92,GBP46.88,21271,42,0,4.8,26,N,2,N,0%,Unlikely,NO,NO,SYNTHETIC,YES,UNLIKELY,MEDIUM,2,Low,A+ content | Category MEDIUM risk,-,MAYBE-ROI,UNCLEAR,,,,,N,,,No supplier accounts configured,,KILL,35,KILL | CASH FLOW | GBP93.00/mo | low IP risk | unlikely PL risk | dropping (18%) | supplier cost missing,Joinable,Reject,GBP26.92,GBP24.23,,Fail,Avoid listing,N
B0FQK4M4VR,"Carlton Nanomax Pro Ti Badminton Set, 2 Player Set with Rackets, Carry Cover & Shuttles",Carlton,https://www.amazon.co.uk/dp/B0FQK4M4VR,Sports & Outdoors,OK,BRAND APPROACH,CASH FLOW | 122/mo | GBP0.76 profit | GBP92.70 monthly gross | stable | 2 sellers,CASH FLOW,3,CASH FLOW | GBP92.70/mo | 122/mo | GBP0.76 unit profit | stable | 2 sellers,7.6,10,10,8,0,9.1,2.6,6.7,GBP93,OK,WEAK,GBP29.99,GBP31.99,SLIGHT DIP (6%),GBP4.35,GBP5.38,GBP9.73,GBP19.49,GBP0.76,3.9%,GBP16.88,GBP29.23,14960,61,50,0.0,0,N,2,N,0%,Unlikely,NO,NO,ESTABLISHED,NO,UNLIKELY,MEDIUM,2,Low,Established brand | Category MEDIUM risk,-,MAYBE-ROI,UNCLEAR,,,,,N,,,No supplier accounts configured,,KILL,35,KILL | CASH FLOW | GBP93.00/mo | low IP risk | unlikely PL risk | slight dip (6%) | supplier cost missing,Joinable,Reject,GBP16.88,GBP15.19,,Fail,Avoid listing,N
B079C4T4VH,FEDERER ADULT W/O CVR TNS RKT 3,Wilson,https://www.amazon.co.uk/dp/B079C4T4VH,Sports & Outdoors,OK,MAYBE-ROI,CASH FLOW | 102/mo | GBP0.85 profit | GBP86.70 monthly gross | stable | 2 sellers,CASH FLOW,3,CASH FLOW | GBP86.70/mo | 102/mo | GBP0.85 unit profit | stable | 2 sellers,6.8,10,8,7,0,7.1,1.9,4.9,GBP87,OK,AVERAGE,GBP31.20,GBP30.00,RISING (4%),GBP4.50,GBP5.57,GBP10.07,GBP20.28,GBP0.85,4.2%,GBP17.61,GBP30.35,19103,51,50,4.4,1682,N,2,Y,96%,Unlikely,NO,NO,ESTABLISHED,YES,UNLIKELY,MEDIUM,3,Low,Established brand | A+ content | Category MEDIUM risk,-,MAYBE-ROI; AMAZON DOMINANT,UNCLEAR,,,,,N,,,No supplier accounts configured,,KILL,35,KILL | CASH FLOW | GBP87.00/mo | low IP risk | unlikely PL risk | rising (4%) | supplier cost missing,Joinable,Reject,GBP17.61,GBP15.85,,Fail,Avoid listing,N
B08DD9XK1G,THIODOON 2 Pack Golf Flag Golf Holes and Flags for Garden Indoor Yard Putting Green Golf Hole Cup and Flag for Putting Practice Upgrade Anti-Rust Glass Fiber 5-Section Design with Connectors,THIODOON,https://www.amazon.co.uk/dp/B08DD9XK1G,Sports & Outdoors,OK,MAYBE,CASH FLOW | 40/mo | GBP1.85 profit | GBP74.00 monthly gross | stable | 2 sellers,CASH FLOW,3,CASH FLOW | GBP74.00/mo | 40/mo | GBP1.85 unit profit | stable | 2 sellers,8.0,10,10,10,0,8.3,3.1,6.5,GBP74,OK,STRONG,GBP29.99,GBP29.90,STABLE,GBP3.26,GBP5.38,GBP8.64,GBP19.49,GBP1.85,9.5%,GBP17.79,GBP28.14,14173,20,0,4.2,1043,N,2,N,0%,Unlikely,NO,NO,ESTABLISHED,YES,UNLIKELY,MEDIUM,3,Low,Established brand | A+ content | Category MEDIUM risk,-,MAYBE-ROI,UNCLEAR,,,,,N,,,No supplier accounts configured,,KILL,35,KILL | CASH FLOW | GBP74.00/mo | low IP risk | unlikely PL risk | stable | supplier cost missing,Joinable,Reject,GBP17.79,GBP16.01,,Fail,Avoid listing,N
B09QF8XJ9H,"Titleist Players Terry Golf Towel, White/Black",Titleist,https://www.amazon.co.uk/dp/B09QF8XJ9H,Sports & Outdoors,OK,MAYBE,CASH FLOW | 44/mo | GBP1.44 profit | GBP63.40 monthly gross | stable | 2 sellers,CASH FLOW,3,CASH FLOW | GBP63.40/mo | 44/mo | GBP1.44 unit profit | stable | 2 sellers,7.4,10,10,7,0,6.4,2.5,4.8,GBP63,OK,AVERAGE,GBP26.00,GBP26.00,STABLE,GBP2.90,GBP4.76,GBP7.66,GBP16.90,GBP1.44,8.5%,GBP15.28,GBP24.56,13490,22,0,4.6,116,N,2,Y,100%,Unlikely,NO,NO,ESTABLISHED,YES,UNLIKELY,MEDIUM,3,Low,Established brand | A+ content | Category MEDIUM risk,-,MAYBE-ROI; AMAZON DOMINANT,UNCLEAR,,,,,N,,,No supplier accounts configured,,KILL,35,KILL | CASH FLOW | GBP63.00/mo | low IP risk | unlikely PL risk | stable | supplier cost missing,Joinable,Reject,GBP15.28,GBP13.75,,Fail,Avoid listing,N
B0FH2B5Y9C,"display4top 5M Badminton Net Set, Volleyball Tennis Net, Height Adjustable, Portable with Portable Carry Bag, Sports Net for Indoor or Outdoor Court, Beach, Driveway, Blue",display4top,https://www.amazon.co.uk/dp/B0FH2B5Y9C,Sports & Outdoors,HEAVY,MAYBE,BALANCED | 28/mo | GBP1.80 profit | GBP50.40 monthly gross | SQUEEZED | 2 sellers,BALANCED,3,BALANCED | GBP50.40/mo | 28/mo | GBP1.80 unit profit | SQUEEZED | 2 sellers,7.7,9,10,10,0,7.1,2.6,5.5,GBP50,SQUEEZED,STRONG,GBP39.09,GBP45.65,DROPPING (14%),GBP5.10,GBP6.78,GBP11.88,GBP25.41,GBP1.80,7.1%,GBP22.67,GBP37.29,22843,14,0,4.5,988,N,2,N,0%,Unlikely,NO,NO,ESTABLISHED,YES,UNLIKELY,MEDIUM,3,Low,Established brand | A+ content | Category MEDIUM risk,-,MAYBE-ROI,UNCLEAR,,,,,N,,,No supplier accounts configured,,KILL,35,KILL | BALANCED | GBP50.00/mo | low IP risk | unlikely PL risk | dropping (14%) | supplier cost missing,Joinable,Reject,GBP22.67,GBP20.40,,Fail,Avoid listing,N
B07MTPLPT1,WILSON Energy XL Tennis Racket - 4 3/8 inches,Wilson,https://www.amazon.co.uk/dp/B07MTPLPT1,Sports & Outdoors,OK,BRAND APPROACH,BALANCED | 26/mo | GBP1.45 profit | GBP37.70 monthly gross | stable | 3 sellers,BALANCED,3,BALANCED | GBP37.70/mo | 26/mo | GBP1.45 unit profit | stable | 3 sellers,6.6,6,10,9,0,7.3,3.1,5.8,GBP38,OK,WEAK,GBP34.99,GBP34.92,STABLE,GBP4.65,GBP6.15,GBP10.80,GBP22.74,GBP1.45,6.4%,GBP20.16,GBP33.54,40370,13,0,4.1,59,N,3,N,0%,-,NO,NO,ESTABLISHED,NO,UNLIKELY,MEDIUM,2,Low,Established brand | Category MEDIUM risk,-,MAYBE-ROI,UNCLEAR,,,,,N,,,No supplier accounts configured,,KILL,35,KILL | BALANCED | GBP38.00/mo | low IP risk | - PL risk | stable | supplier cost missing,Joinable,Reject,GBP20.16,GBP18.14,,Fail,Avoid listing,N
B089KKLJF6,Fdit Tennis Ball Box Tennis Ball Pressurizer Can Pressure Maintaining Repairing Storage Can Container Sports Accessories,Fdit,https://www.amazon.co.uk/dp/B089KKLJF6,Sports & Outdoors,OK,MAYBE,CASH FLOW | 56/mo | GBP0.62 profit | GBP34.70 monthly gross | stable | 2 sellers,CASH FLOW,3,CASH FLOW | GBP34.70/mo | 56/mo | GBP0.62 unit profit | stable | 2 sellers,7.8,10,10,9,0,7.4,1.9,5,GBP35,OK,STRONG,GBP20.81,GBP22.91,SLIGHT DIP (9%),GBP2.70,GBP3.96,GBP6.66,GBP13.53,GBP0.62,4.6%,GBP11.79,GBP20.19,12020,28,50,3.6,16,N,2,N,0%,Unlikely,NO,NO,GENERIC,YES,UNLIKELY,MEDIUM,2,Low,A+ content | Category MEDIUM risk,-,MAYBE-ROI,UNCLEAR,,,,,N,,,No supplier accounts configured,,KILL,35,KILL | CASH FLOW | GBP35.00/mo | low IP risk | unlikely PL risk | slight dip (9%) | supplier cost missing,Joinable,Reject,GBP11.79,GBP10.29,,Fail,Avoid listing,N
B0FL2S5VR3,"HEAD Paw Patrol 21 Junior Tennis Racquet, white",HEAD,https://www.amazon.co.uk/dp/B0FL2S5VR3,Sports & Outdoors,OK,MAYBE-ROI,MAYBE-ROI | 72/mo | GBP0.48 profit | GBP34.60 monthly gross | stable | 2 sellers | needs trade under GBP14.69,UNASSIGNED,9,,6.6,10,8,6,0,5.9,1,3.6,GBP35,OK,AVERAGE,GBP26.38,GBP25.94,STABLE,GBP3.93,GBP4.82,GBP8.75,GBP17.15,GBP0.48,2.8%,GBP14.69,GBP25.90,9845,36,0,4.8,20,N,2,Y,100%,Unlikely,NO,NO,ESTABLISHED,NO,UNLIKELY,MEDIUM,2,Low,Established brand | Category MEDIUM risk,-,MAYBE-ROI; AMAZON DOMINANT,UNCLEAR,,,,,N,,,No supplier accounts configured,,KILL,35,KILL | UNASSIGNED | GBP35.00/mo | low IP risk | unlikely PL risk | stable | supplier cost missing,Joinable,Reject,GBP14.69,GBP13.22,,Fail,Avoid listing,N
B0GL8V5FSZ,"Wilson Federer Junior Tennis Racket Series (19""-25"" Age 2-10) inc 3 Tennis Balls (25"" (8-10 Year Old))",Wilson,https://www.amazon.co.uk/dp/B0GL8V5FSZ,Sports & Outdoors,OK,BRAND APPROACH,BALANCED | 22/mo | GBP1.59 profit | GBP35.00 monthly gross | stable | 2 sellers,BALANCED,3,BALANCED | GBP35.00/mo | 22/mo | GBP1.59 unit profit | stable | 2 sellers,7.5,9,10,9,0,6.9,3,5.5,GBP35,OK,WEAK,GBP34.95,GBP34.99,STABLE,GBP4.50,GBP6.14,GBP10.64,GBP22.72,GBP1.59,7.0%,GBP20.25,GBP33.36,11038,11,0,0.0,0,N,2,N,0%,Unlikely,NO,NO,ESTABLISHED,NO,UNLIKELY,MEDIUM,2,Low,Established brand | Category MEDIUM risk,-,MAYBE-ROI,UNCLEAR,,,,,N,,,No supplier accounts configured,,KILL,35,KILL | BALANCED | GBP35.00/mo | low IP risk | unlikely PL risk | stable | supplier cost missing,Joinable,Reject,GBP20.25,GBP18.23,,Fail,Avoid listing,N
B0DX2MSNDM,"Wilson Slam Jr 21 Tennis Racket, Provides Lightweight Strength and Effortless Control, Kid-Friendly Dimensions, Ready For High-Performance Play, Colour: Blue, Size: 21",Wilson,https://www.amazon.co.uk/dp/B0DX2MSNDM,Sports & Outdoors,OK,MAYBE-ROI,CASH FLOW | 54/mo | GBP0.63 profit | GBP34.00 monthly gross | stable | 5 sellers,CASH FLOW,3,CASH FLOW | GBP34.00/mo | 54/mo | GBP0.63 unit profit | stable | 5 sellers,6.8,10,10,4,0,6.2,1.4,4,GBP34,OK,STRONG,GBP26.00,GBP26.42,STABLE,GBP3.71,GBP4.76,GBP8.47,GBP16.90,GBP0.63,3.7%,GBP14.61,GBP25.37,10162,27,0,4.4,17,N,5,Y,55%,-,NO,NO,ESTABLISHED,YES,UNLIKELY,MEDIUM,3,Low,Established brand | A+ content | Category MEDIUM risk,-,MAYBE-ROI,UNCLEAR,,,,,N,,,No supplier accounts configured,,KILL,35,KILL | CASH FLOW | GBP34.00/mo | low IP risk | - PL risk | stable | supplier cost missing,Joinable,Reject,GBP14.61,GBP13.11,,Fail,Avoid listing,N
B000BT7E8Q,Masters Rain Wedge Bag Cover - Black,ProActive Sports,https://www.amazon.co.uk/dp/B000BT7E8Q,Sports & Outdoors,OK,BRAND APPROACH,CASH FLOW | 44/mo | GBP0.69 profit | GBP30.40 monthly gross | stable | 3 sellers,CASH FLOW,3,CASH FLOW | GBP30.40/mo | 44/mo | GBP0.69 unit profit | stable | 3 sellers,7.1,9,8,10,0,7.2,1.6,4.8,GBP30,OK,WEAK,GBP24.75,GBP23.89,RISING (4%),GBP3.40,GBP4.57,GBP7.97,GBP16.09,GBP0.69,4.3%,GBP13.99,GBP24.06,37779,22,0,4.4,1352,N,3,N,0%,-,NO,NO,ESTABLISHED,NO,UNLIKELY,MEDIUM,2,Low,Established brand | Category MEDIUM risk,-,MAYBE-ROI,UNCLEAR,,,,,N,,,No supplier accounts configured,,KILL,35,KILL | CASH FLOW | GBP30.00/mo | low IP risk | - PL risk | rising (4%) | supplier cost missing,Joinable,Reject,GBP13.99,GBP12.49,,Fail,Avoid listing,N
B0CHW9BBN3,2 Player Portable Junior Badminton Set,Sweatband.com,https://www.amazon.co.uk/dp/B0CHW9BBN3,Sports & Outdoors,OK,MAYBE,CASH FLOW | 24/mo | GBP1.15 profit | GBP27.60 monthly gross | stable | 2 sellers,CASH FLOW,3,CASH FLOW | GBP27.60/mo | 24/mo | GBP1.15 unit profit | stable | 2 sellers,7.4,8,10,10,0,6.7,2.7,5.1,GBP28,OK,AVERAGE,GBP34.99,GBP34.99,STABLE,GBP4.95,GBP6.15,GBP11.10,GBP22.74,GBP1.15,5.0%,GBP19.91,GBP33.84,24246,12,0,4.7,23,N,2,N,0%,Unlikely,YES,NO,GENERIC,NO,UNLIKELY,MEDIUM,4,Medium,Brand=Seller match (YES) | Category MEDIUM risk,-,MAYBE-ROI,UNCLEAR,,,,,N,,,No supplier accounts configured,,KILL,35,KILL | CASH FLOW | GBP28.00/mo | medium IP risk | unlikely PL risk | stable | supplier cost missing,Review,Reject,GBP19.91,GBP17.92,,Fail,Avoid listing,N
B00485CQNW,HEAD Base Backpack 17L NV,HEAD,https://www.amazon.co.uk/dp/B00485CQNW,Sports & Outdoors,OK,MAYBE-ROI,CASH FLOW | 48/mo | GBP0.57 profit | GBP27.40 monthly gross | stable | 8 sellers,CASH FLOW,3,CASH FLOW | GBP27.40/mo | 48/mo | GBP0.57 unit profit | stable | 8 sellers,6.8,10,10,4,0,6.8,1.5,4.7,GBP27,OK,AVERAGE,GBP26.83,GBP28.75,SLIGHT DIP (7%),GBP3.93,GBP4.89,GBP8.82,GBP17.44,GBP0.57,3.3%,GBP15.01,GBP26.26,17578,24,0,4.5,165,N,8,Y,0%,-,NO,NO,ESTABLISHED,NO,UNLIKELY,MEDIUM,2,Low,Established brand | Category MEDIUM risk,-,MAYBE-ROI,UNCLEAR,,,,,N,,,No supplier accounts configured,,KILL,35,KILL | CASH FLOW | GBP27.00/mo | low IP risk | - PL risk | slight dip (7%) | supplier cost missing,Joinable,Reject,GBP15.01,GBP13.51,,Fail,Avoid listing,N
B09M7FXSMR,Sure Shot Matthew Syed Bulk Table Tennis Balls - box of 144,Sure Shot,https://www.amazon.co.uk/dp/B09M7FXSMR,Sports & Outdoors,OK,MAYBE,CASH FLOW | 40/mo | GBP0.65 profit | GBP26.00 monthly gross | stable | 2 sellers,CASH FLOW,3,CASH FLOW | GBP26.00/mo | 40/mo | GBP0.65 unit profit | stable | 2 sellers,7.2,10,10,6,0,5.8,1.1,3.5,GBP26,OK,AVERAGE,GBP24.99,GBP24.99,STABLE,GBP3.49,GBP4.61,GBP8.10,GBP16.24,GBP0.65,4.0%,GBP14.08,GBP24.34,18712,20,0,0.0,0,N,2,Y,100%,Unlikely,NO,NO,GENERIC,NO,UNLIKELY,MEDIUM,1,Low,Category MEDIUM risk,-,MAYBE-ROI; AMAZON DOMINANT,UNCLEAR,,,,,N,,,No supplier accounts configured,,KILL,35,KILL | CASH FLOW | GBP26.00/mo | low IP risk | unlikely PL risk | stable | supplier cost missing,Joinable,Reject,GBP14.08,GBP12.58,,Fail,Avoid listing,N
B0FZ2RH4R8,TOURBON Portable Nylon Golf Bag Lightweight Sunday Carry Bag Foldable Golf Club Travel Training Case,TOURBN,https://www.amazon.co.uk/dp/B0FZ2RH4R8,Sports & Outdoors,OK,MAYBE,CASH FLOW | 20/mo | GBP1.16 profit | GBP23.20 monthly gross | stable | 2 sellers,CASH FLOW,3,CASH FLOW | GBP23.20/mo | 20/mo | GBP1.16 unit profit | stable | 2 sellers,7.7,9,10,10,0,6.5,2.7,4.9,GBP23,OK,STRONG,GBP24.99,GBP24.99,STABLE,GBP2.98,GBP4.61,GBP7.59,GBP16.24,GBP1.16,7.1%,GBP14.50,GBP23.83,11264,10,0,4.2,117,N,2,N,0%,Unlikely,NO,NO,SYNTHETIC,YES,UNLIKELY,MEDIUM,2,Low,A+ content | Category MEDIUM risk,-,MAYBE-ROI,UNCLEAR,,,,,N,,,No supplier accounts configured,,KILL,35,KILL | CASH FLOW | GBP23.00/mo | low IP risk | unlikely PL risk | stable | supplier cost missing,Joinable,Reject,GBP14.50,GBP13.00,,Fail,Avoid listing,N
B0B5G31VRN,"AXKAL Tennis Balls Bulk Orange for Kids Dogs Practice Low Compression Stage 9 16 Pack, Tennis Balls Non Slip Rubber Good for Beginner Training Ball Tool (16 Pack-Orange)",AXKAL,https://www.amazon.co.uk/dp/B0B5G31VRN,Sports & Outdoors,OK,MAYBE,CASH FLOW | 14/mo | GBP1.55 profit | GBP21.70 monthly gross | stable | 2 sellers,CASH FLOW,3,CASH FLOW | GBP21.70/mo | 14/mo | GBP1.55 unit profit | stable | 2 sellers,7.7,9,10,10,0,6.1,3,4.9,GBP22,OK,STRONG,GBP26.99,GBP26.99,STABLE,GBP2.98,GBP4.92,GBP7.90,GBP17.54,GBP1.55,8.8%,GBP15.91,GBP25.44,19399,7,0,4.3,40,N,2,N,0%,Unlikely,NO,NO,SYNTHETIC,YES,UNLIKELY,MEDIUM,2,Low,A+ content | Category MEDIUM risk,-,MAYBE-ROI,UNCLEAR,,,,,N,,,No supplier accounts configured,,KILL,35,KILL | CASH FLOW | GBP22.00/mo | low IP risk | unlikely PL risk | stable | supplier cost missing,Joinable,Reject,GBP15.91,GBP14.32,,Fail,Avoid listing,N
B07PNBD2NL,Vermont Tennis Net Targets - Green and Orange Tennis Targets - Carry Bag Included,Vermont,https://www.amazon.co.uk/dp/B07PNBD2NL,Sports & Outdoors,HEAVY,MAYBE-ROI,CASH FLOW | 10/mo | GBP1.89 profit | GBP18.90 monthly gross | stable | 2 sellers,CASH FLOW,3,CASH FLOW | GBP18.90/mo | 10/mo | GBP1.89 unit profit | stable | 2 sellers,6.6,6,10,9,0,6,3,4.9,GBP19,OK,STRONG,GBP49.98,GBP51.86,SLIGHT DIP (4%),GBP6.99,GBP8.61,GBP15.60,GBP32.49,GBP1.89,5.8%,GBP28.65,GBP48.09,45125,5,0,4.0,4,N,2,N,0%,Unlikely,NO,NO,GENERIC,YES,UNLIKELY,MEDIUM,2,Low,A+ content | Category MEDIUM risk,-,MAYBE-ROI,UNCLEAR,,,,,N,,,No supplier accounts configured,,KILL,35,KILL | CASH FLOW | GBP19.00/mo | low IP risk | unlikely PL risk | slight dip (4%) | supplier cost missing,Joinable,Reject,GBP28.65,GBP25.79,,Fail,Avoid listing,N
B0F6SYSPSQ,Hockey Black Golf Club Driver Headcovers Cover Protector,CRAFTSMAN GOLF,https://www.amazon.co.uk/dp/B0F6SYSPSQ,Sports & Outdoors,OK,MAYBE-ROI,CASH FLOW | 22/mo | GBP0.51 profit | GBP11.20 monthly gross | stable | 2 sellers,CASH FLOW,3,CASH FLOW | GBP11.20/mo | 22/mo | GBP0.51 unit profit | stable | 2 sellers,6.9,7,10,9,0,5.8,1.7,3.9,GBP11,OK,AVERAGE,GBP21.99,GBP22.59,SLIGHT DIP (3%),GBP3.04,GBP4.15,GBP7.19,GBP14.29,GBP0.51,3.6%,GBP12.34,GBP21.48,30468,11,0,4.6,10,N,2,N,0%,Unlikely,NO,NO,SYNTHETIC,NO,UNLIKELY,MEDIUM,1,Low,Category MEDIUM risk,-,MAYBE-ROI,UNCLEAR,,,,,N,,,No supplier accounts configured,,KILL,35,KILL | CASH FLOW | GBP11.00/mo | low IP risk | unlikely PL risk | slight dip (3%) | supplier cost missing,Joinable,Reject,GBP12.34,GBP10.84,,Fail,Avoid listing,N
B0FH4X9TYT,"AXKAL Lady Golf Glove Ladies Women Left Hand Right Leather With Ball Marker Value 3 Pack (Not In Pair), Gloves Durable Soft Good Grip Fit Small Medium Large XL (Pink, S, Right)",AXKAL,https://www.amazon.co.uk/dp/B0FH4X9TYT,Sports & Outdoors,OK,MAYBE-ROI,CASH FLOW | 10/mo | GBP1.03 profit | GBP10.30 monthly gross | stable | 2 sellers,CASH FLOW,3,CASH FLOW | GBP10.30/mo | 10/mo | GBP1.03 unit profit | stable | 2 sellers,6.5,7,8,10,0,5.3,2.5,4.1,GBP10,OK,AVERAGE,GBP22.99,GBP22.55,STABLE,GBP2.72,GBP4.30,GBP7.02,GBP14.94,GBP1.03,6.9%,GBP13.31,GBP21.96,37177,5,0,4.4,88,N,2,N,0%,Unlikely,NO,NO,SYNTHETIC,NO,UNLIKELY,MEDIUM,1,Low,Category MEDIUM risk,-,MAYBE-ROI,UNCLEAR,,,,,N,,,No supplier accounts configured,,KILL,35,KILL | CASH FLOW | GBP10.00/mo | low IP risk | unlikely PL risk | stable | supplier cost missing,Joinable,Reject,GBP13.31,GBP11.81,,Fail,Avoid listing,N
B003BK91CE,"Longridge Castle Golf Tees - (Blue, 17mm, 1000 Pieces Bulk)",Longridge,https://www.amazon.co.uk/dp/B003BK91CE,Sports & Outdoors,OK,MAYBE,MAYBE | 14/mo | GBP0.48 profit | GBP6.70 monthly gross | stable | 3 sellers | ROI 3%,UNASSIGNED,9,,7.2,8,10,9,0,4.9,1.7,3.2,GBP7,OK,AVERAGE,GBP22.95,GBP22.95,STABLE,GBP3.26,GBP4.29,GBP7.55,GBP14.92,GBP0.48,3.2%,GBP12.83,GBP22.47,29902,7,0,4.4,206,N,3,Y,0%,-,NO,NO,GENERIC,YES,UNLIKELY,MEDIUM,2,Low,A+ content | Category MEDIUM risk,-,MAYBE-ROI,UNCLEAR,,,,,N,,,No supplier accounts configured,,KILL,35,KILL | UNASSIGNED | GBP7.00/mo | low IP risk | - PL risk | stable | supplier cost missing,Joinable,Reject,GBP12.83,GBP11.55,,Fail,Avoid listing,N
B076HM7SCW,FORB Academy Golf Practice Mat [5ft x 3.2ft] | Professional Artificial Turf Hitting Mat with 3 Rubber Tees | Golf Training Aids – 13mm Thickness,FORB,https://www.amazon.co.uk/dp/B076HM7SCW,Sports & Outdoors,HEAVY,MAYBE,MAYBE | 100/mo | GBP0.06 profit | GBP6.00 monthly gross | stable | 2 sellers | ROI 0%,UNASSIGNED,9,,7.7,9,10,10,0,7,2,4.5,GBP6,OK,STRONG,GBP49.99,GBP53.88,SLIGHT DIP (7%),GBP8.82,GBP8.62,GBP17.44,GBP32.49,GBP0.06,0.2%,GBP27.13,GBP49.93,22191,50,0,3.9,240,N,2,N,0%,Unlikely,NO,NO,SYNTHETIC,YES,UNLIKELY,MEDIUM,2,Low,A+ content | Category MEDIUM risk,-,MAYBE-ROI,UNCLEAR,,,,,N,,,No supplier accounts configured,,KILL,35,KILL | UNASSIGNED | GBP6.00/mo | low IP risk | unlikely PL risk | slight dip (7%) | supplier cost missing,Joinable,Reject,GBP27.13,GBP24.42,,Fail,Avoid listing,N
B09BZGS9BP,Carlton Nanoblade Tour 2 Player Adult Badminton Set,Carlton,https://www.amazon.co.uk/dp/B09BZGS9BP,Sports & Outdoors,OK,BRAND APPROACH,BRAND APPROACH | 30/mo | GBP0.07 profit | GBP2.10 monthly gross | stable | 2 sellers | weak listing 1 imgs,UNASSIGNED,9,,7.4,8,10,10,0,5.8,1.8,3.8,GBP2,OK,WEAK,GBP27.99,GBP28.31,STABLE,GBP4.65,GBP5.07,GBP9.72,GBP18.19,GBP0.07,0.4%,GBP15.22,GBP27.92,36349,15,0,4.2,58,N,2,N,0%,Unlikely,NO,NO,ESTABLISHED,NO,UNLIKELY,MEDIUM,2,Low,Established brand | Category MEDIUM risk,-,MAYBE-ROI,UNCLEAR,,,,,N,,,No supplier accounts configured,,KILL,35,KILL | UNASSIGNED | GBP2.00/mo | low IP risk | unlikely PL risk | stable | supplier cost missing,Joinable,Reject,GBP15.22,GBP13.70,,Fail,Avoid listing,N
B0C2F5BCKK,"Tournament 4 Player Set, BLACK/RED, BLACK/BLUE",Carlton,https://www.amazon.co.uk/dp/B0C2F5BCKK,Sports & Outdoors,OK,MAYBE-ROI,MAYBE-ROI | 28/mo | GBP-0.37 profit | GBP-10.40 monthly gross | SQUEEZED | 4 sellers | needs trade under GBP13.62,UNASSIGNED,9,,6.9,9,10,6,0,4.2,0.9,2.3,GBP-10,SQUEEZED,AVERAGE,GBP25.71,GBP30.28,DROPPING (15%),GBP4.65,GBP4.72,GBP9.37,GBP16.71,GBP-0.37,-2.2%,GBP13.62,GBP26.08,14212,14,0,4.2,150,N,4,Y,53%,-,NO,NO,ESTABLISHED,YES,UNLIKELY,MEDIUM,3,Low,Established brand | A+ content | Category MEDIUM risk,-,MAYBE-ROI,UNCLEAR,,,,,N,,,No supplier accounts configured,,KILL,35,KILL | UNASSIGNED | GBP-10.00/mo | low IP risk | - PL risk | dropping (15%) | supplier cost missing,Joinable,Reject,GBP13.62,GBP12.26,,Fail,Avoid listing,N
B0DSW5N6YB,HEAD Radical 27 Tennis Racket,HEAD,https://www.amazon.co.uk/dp/B0DSW5N6YB,Sports & Outdoors,OK,BRAND APPROACH,BRAND APPROACH | 46/mo | GBP-0.22 profit | GBP-10.10 monthly gross | COMPRESSED | 2 sellers | weak listing 2 imgs,UNASSIGNED,9,,7.2,10,10,6,0,3.5,0.1,1.5,GBP-10,COMPRESSED,WEAK,GBP26.50,GBP38.32,DROPPING (31%),GBP4.65,GBP4.85,GBP9.50,GBP17.23,GBP-0.22,-1.3%,GBP14.17,GBP26.72,12101,23,0,4.8,9,N,2,Y,99%,Unlikely,NO,NO,ESTABLISHED,NO,UNLIKELY,MEDIUM,2,Low,Established brand | Category MEDIUM risk,-,MAYBE-ROI; AMAZON DOMINANT,UNCLEAR,,,,,N,,,No supplier accounts configured,,KILL,35,KILL | UNASSIGNED | GBP-10.00/mo | low IP risk | unlikely PL risk | dropping (31%) | supplier cost missing,Joinable,Reject,GBP14.17,GBP12.75,,Fail,Avoid listing,N
B000RG12X6,"Longridge BA5P Pencil Golf Bag, Black/Navy, 5"", One Size",Longridge,https://www.amazon.co.uk/dp/B000RG12X6,Sports & Outdoors,OK,MAYBE-ROI,MAYBE-ROI | 86/mo | GBP-0.13 profit | GBP-11.20 monthly gross | stable | 3 sellers | needs trade under GBP12.48,UNASSIGNED,9,,6.8,10,8,7,0,5.1,1.2,2.9,GBP-11,OK,STRONG,GBP23.25,GBP22.76,STABLE,GBP3.93,GBP4.34,GBP8.27,GBP15.11,GBP-0.13,-0.9%,GBP12.48,GBP23.38,15497,43,0,4.0,1210,N,3,Y,88%,-,NO,NO,ESTABLISHED,YES,UNLIKELY,MEDIUM,3,Low,Established brand | A+ content | Category MEDIUM risk,-,MAYBE-ROI; AMAZON DOMINANT,UNCLEAR,,,,,N,,,No supplier accounts configured,,KILL,35,KILL | UNASSIGNED | GBP-11.00/mo | low IP risk | - PL risk | stable | supplier cost missing,Joinable,Reject,GBP12.48,GBP11.23,,Fail,Avoid listing,N
B0DX2JZJ3C,"Wilson Intrigue Jr 25 Tennis Racket, Lightweight Frame for Easy Handling, Performance-Ready Providing Stable Play and Powerful Shots, Arm-Friendly Strings, Colour: Teal/Blue, Size: 25",Wilson,https://www.amazon.co.uk/dp/B0DX2JZJ3C,Sports & Outdoors,OK,MAYBE-ROI,MAYBE-ROI | 84/mo | GBP-0.17 profit | GBP-14.30 monthly gross | stable | 3 sellers | needs trade under GBP13.94,UNASSIGNED,9,,6.9,9,10,6,0,5.3,1.3,3,GBP-14,OK,AVERAGE,GBP25.99,GBP25.99,STABLE,GBP4.50,GBP4.76,GBP9.26,GBP16.89,GBP-0.17,-1.0%,GBP13.94,GBP26.16,26213,42,50,4.7,40,N,3,Y,95%,-,NO,NO,ESTABLISHED,YES,UNLIKELY,MEDIUM,3,Low,Established brand | A+ content | Category MEDIUM risk,-,MAYBE-ROI; AMAZON DOMINANT,UNCLEAR,,,,,N,,,No supplier accounts configured,,KILL,35,KILL | UNASSIGNED | GBP-14.00/mo | low IP risk | - PL risk | stable | supplier cost missing,Joinable,Reject,GBP13.94,GBP12.55,,Fail,Avoid listing,N
B0D9X17LRN,"Qivine Tennis Racket Set 2 Players Tennis Training Equipment for Kids Child, Outdoor Sport Activity with 2 Tennis Rackets, 1 Tennis Balls and Carry Bag, Beginner Practice Racquet 21""",Qivine,https://www.amazon.co.uk/dp/B0D9X17LRN,Sports & Outdoors,OK,MAYBE,MAYBE | 42/mo | GBP-0.58 profit | GBP-24.40 monthly gross | stable | 2 sellers | ROI -4%,UNASSIGNED,9,,7.5,9,10,9,0,6.1,1.8,4,GBP-24,OK,STRONG,GBP20.99,GBP20.99,STABLE,GBP3.93,GBP3.99,GBP7.92,GBP13.64,GBP-0.58,-4.2%,GBP10.89,GBP21.57,13171,21,0,2.5,8,N,2,N,0%,Unlikely,NO,NO,GENERIC,YES,UNLIKELY,MEDIUM,2,Low,A+ content | Category MEDIUM risk,-,MAYBE-ROI,UNCLEAR,,,,,N,,,No supplier accounts configured,,KILL,35,KILL | UNASSIGNED | GBP-24.00/mo | low IP risk | unlikely PL risk | stable | supplier cost missing,Joinable,Reject,GBP10.89,GBP9.64,,Fail,Avoid listing,N
B07NDWQ5XH,"SMATI Large Transparent Golf Umbrella, Diameter 124cm, Automatic opening, Men/Women Umbrella, For 2 people, Black Border Colour",SMATI,https://www.amazon.co.uk/dp/B07NDWQ5XH,Sports & Outdoors,OK,MAYBE,MAYBE | 40/mo | GBP-0.62 profit | GBP-24.80 monthly gross | stable | 4 sellers | ROI -4%,UNASSIGNED,9,,7.1,9,10,7,0,5.9,1.7,3.8,GBP-25,OK,AVERAGE,GBP22.90,GBP22.90,STABLE,GBP4.35,GBP4.29,GBP8.64,GBP14.88,GBP-0.62,-4.2%,GBP11.88,GBP23.52,33174,20,0,4.4,892,N,4,Y,0%,-,NO,NO,ESTABLISHED,NO,UNLIKELY,MEDIUM,2,Low,Established brand | Category MEDIUM risk,-,MAYBE-ROI,UNCLEAR,,,,,N,,,No supplier accounts configured,,KILL,35,KILL | UNASSIGNED | GBP-25.00/mo | low IP risk | - PL risk | stable | supplier cost missing,Joinable,Reject,GBP11.88,GBP10.63,,Fail,Avoid listing,N
B0DX2KMHXB,"Wilson Champ 90 Badminton Racket, Dynamic Frame For Enhanced Strength, Vibrant Two-Tone Design, Comes Pre-Strung, Colour: Blue/White, Size: 3",Wilson,https://www.amazon.co.uk/dp/B0DX2KMHXB,Sports & Outdoors,OK,MAYBE-ROI,MAYBE-ROI | 42/mo | GBP-0.95 profit | GBP-39.90 monthly gross | stable | 4 sellers | needs trade under GBP11.13,UNASSIGNED,9,,6.9,9,10,6,0,5.1,1.4,3.1,GBP-40,OK,STRONG,GBP22.00,GBP22.54,STABLE,GBP4.50,GBP4.15,GBP8.65,GBP14.30,GBP-0.95,-6.6%,GBP11.13,GBP22.95,26359,21,0,4.4,23,N,4,Y,53%,-,NO,NO,ESTABLISHED,YES,UNLIKELY,MEDIUM,3,Low,Established brand | A+ content | Category MEDIUM risk,-,MAYBE-ROI,UNCLEAR,,,,,N,,,No supplier accounts configured,,KILL,35,KILL | UNASSIGNED | GBP-40.00/mo | low IP risk | - PL risk | stable | supplier cost missing,Joinable,Reject,GBP11.13,GBP9.88,,Fail,Avoid listing,N
B0FL4GRN1R,Wilson Champ Badminton Racket & Racketworld Premium Badminton Carry Case,Generic,https://www.amazon.co.uk/dp/B0FL4GRN1R,Sports & Outdoors,OK,BRAND APPROACH,BRAND APPROACH | 224/mo | GBP-0.18 profit | GBP-40.30 monthly gross | stable | 2 sellers | weak listing 1 imgs,UNASSIGNED,9,,7.2,10,8,9,0,6.6,1.8,4.3,GBP-40,OK,WEAK,GBP25.95,GBP25.27,RISING (3%),GBP4.50,GBP4.76,GBP9.26,GBP16.87,GBP-0.18,-1.0%,GBP13.91,GBP26.13,12668,112,50,4.1,8,N,2,N,0%,Unlikely,NO,NO,GENERIC,NO,UNLIKELY,MEDIUM,1,Low,Category MEDIUM risk,-,MAYBE-ROI,UNCLEAR,,,,,N,,,No supplier accounts configured,,KILL,35,KILL | UNASSIGNED | GBP-40.00/mo | low IP risk | unlikely PL risk | rising (3%) | supplier cost missing,Joinable,Reject,GBP13.91,GBP12.52,,Fail,Avoid listing,N
B0CT298VVV,"SPORTNOW 3(m) Badminton Net, Foldable Height Adjustable Outdoor Sports Net with Carry Bag, for Tennis, Badminton, Pickleball, Volleyball, Black and Yellow",SPORTNOW,https://www.amazon.co.uk/dp/B0CT298VVV,Sports & Outdoors,OK,MAYBE-ROI,MAYBE-ROI | 128/mo | GBP-0.52 profit | GBP-66.60 monthly gross | stable | 2 sellers | needs trade under GBP13.90,UNASSIGNED,9,,6.6,10,6,9,0,6.2,1.6,4,GBP-67,OK,STRONG,GBP26.47,GBP24.39,RISING (9%),GBP4.95,GBP4.84,GBP9.79,GBP17.21,GBP-0.52,-3.0%,GBP13.90,GBP26.99,15577,64,50,4.4,29,N,2,Y,44%,Unlikely,NO,NO,SYNTHETIC,YES,UNLIKELY,MEDIUM,2,Low,A+ content | Category MEDIUM risk,-,MAYBE-ROI,UNCLEAR,,,,,N,,,No supplier accounts configured,,KILL,35,KILL | UNASSIGNED | GBP-67.00/mo | low IP risk | unlikely PL risk | rising (9%) | supplier cost missing,Joinable,Reject,GBP13.90,GBP12.51,,Fail,Avoid listing,N
B0GKBCP4F8,"Babolat Eagle Tennis Racket, Black/Blue (Available in Grip Size L2 & L3) (L2 (4 1/4""))",Babolat,https://www.amazon.co.uk/dp/B0GKBCP4F8,Sports & Outdoors,OK,BRAND APPROACH,BRAND APPROACH | 6/mo | GBP-12.52 profit | GBP-75.10 monthly gross | SQUEEZED | 2 sellers | weak listing 3 imgs,UNASSIGNED,9,,7.5,9,10,9,0,3.6,1.1,2.2,GBP-75,SQUEEZED,WEAK,GBP29.99,GBP36.39,DROPPING (18%),GBP17.64,GBP5.38,GBP23.02,GBP19.49,GBP-12.52,-64.2%,GBP5.81,GBP42.51,17375,3,0,0.0,0,N,2,N,0%,Unlikely,NO,NO,ESTABLISHED,NO,UNLIKELY,MEDIUM,2,Low,Established brand | Category MEDIUM risk,-,MAYBE-ROI,UNCLEAR,,,,,N,,,No supplier accounts configured,,KILL,35,KILL | UNASSIGNED | GBP-75.00/mo | low IP risk | unlikely PL risk | dropping (18%) | supplier cost missing,Joinable,Reject,GBP5.81,GBP4.56,,Fail,Avoid listing,N
